-- MySQL Script generated by MySQL Workbench
-- Thu Dec  7 22:06:00 2017
-- Model: New Model    Version: 1.0
-- MySQL Workbench Forward Engineering

SET @OLD_UNIQUE_CHECKS=@@UNIQUE_CHECKS, UNIQUE_CHECKS=0;
SET @OLD_FOREIGN_KEY_CHECKS=@@FOREIGN_KEY_CHECKS, FOREIGN_KEY_CHECKS=0;
SET @OLD_SQL_MODE=@@SQL_MODE, SQL_MODE='TRADITIONAL,ALLOW_INVALID_DATES';

-- -----------------------------------------------------
-- Schema Teckmeb
-- -----------------------------------------------------
DROP SCHEMA IF EXISTS `Teckmeb` ;

-- -----------------------------------------------------
-- Schema Teckmeb
-- -----------------------------------------------------
CREATE SCHEMA IF NOT EXISTS `Teckmeb` DEFAULT CHARACTER SET utf8 ;
USE `Teckmeb` ;

-- -----------------------------------------------------
-- Table `Teckmeb`.`User`
-- -----------------------------------------------------
DROP TABLE IF EXISTS `Teckmeb`.`User` ;

CREATE TABLE IF NOT EXISTS `Teckmeb`.`User` (
  `idUser` INT NOT NULL AUTO_INCREMENT,
  `name` VARCHAR(45) NOT NULL,
  `surname` VARCHAR(45) NOT NULL,
  `email` VARCHAR(255) NOT NULL,
  `password` VARCHAR(255) NULL,
  PRIMARY KEY (`idUser`),
  UNIQUE INDEX `username_UNIQUE` (`name` ASC, `surname` ASC),
  UNIQUE INDEX `email_UNIQUE` (`email` ASC))
ENGINE = InnoDB;


-- -----------------------------------------------------
-- Table `Teckmeb`.`Student`
-- -----------------------------------------------------
DROP TABLE IF EXISTS `Teckmeb`.`Student` ;

CREATE TABLE IF NOT EXISTS `Teckmeb`.`Student` (
  `idStudent` CHAR(8) NOT NULL,
  `idUser` INT NOT NULL,
  PRIMARY KEY (`idStudent`),
  INDEX `fk_Student_User1_idx` (`idUser` ASC),
  CONSTRAINT `fk_Student_User1`
    FOREIGN KEY (`idUser`)
    REFERENCES `Teckmeb`.`User` (`idUser`)
    ON DELETE NO ACTION
    ON UPDATE NO ACTION)
ENGINE = InnoDB;


-- -----------------------------------------------------
-- Table `Teckmeb`.`AbsenceType`
-- -----------------------------------------------------
DROP TABLE IF EXISTS `Teckmeb`.`AbsenceType` ;

CREATE TABLE IF NOT EXISTS `Teckmeb`.`AbsenceType` (
  `idAbsenceType` INT NOT NULL AUTO_INCREMENT,
  `absenceTypeName` VARCHAR(45) NOT NULL,
  PRIMARY KEY (`idAbsenceType`),
  UNIQUE INDEX `absenceTypeName_UNIQUE` (`absenceTypeName` ASC))
ENGINE = InnoDB;


-- -----------------------------------------------------
-- Table `Teckmeb`.`Absence`
-- -----------------------------------------------------
DROP TABLE IF EXISTS `Teckmeb`.`Absence` ;

CREATE TABLE IF NOT EXISTS `Teckmeb`.`Absence` (
  `idAbsence` INT NOT NULL AUTO_INCREMENT,
  `beginDate` DATETIME NOT NULL,
  `endDate` DATETIME NOT NULL,
  `justified` TINYINT(1) NOT NULL DEFAULT 0,
  `idAbsenceType` INT NOT NULL,
  `idStudent` CHAR(8) NOT NULL,
  PRIMARY KEY (`idAbsence`),
  UNIQUE INDEX `idAbsence_UNIQUE` (`idAbsence` ASC),
  INDEX `fk_Absence_Student1_idx` (`idStudent` ASC),
  INDEX `fk_Absence_AbsenceType1_idx` (`idAbsenceType` ASC),
  UNIQUE INDEX `idStudent_beginDate_UNIQUE` (`idStudent` ASC, `beginDate` ASC),
  UNIQUE INDEX `idStudent_endDate_UNIQUE` (`idStudent` ASC, `endDate` ASC),
  CONSTRAINT `fk_Absence_Student1`
    FOREIGN KEY (`idStudent`)
    REFERENCES `Teckmeb`.`Student` (`idStudent`)
    ON DELETE NO ACTION
    ON UPDATE NO ACTION,
  CONSTRAINT `fk_Absence_AbsenceType1`
    FOREIGN KEY (`idAbsenceType`)
    REFERENCES `Teckmeb`.`AbsenceType` (`idAbsenceType`)
    ON DELETE NO ACTION
    ON UPDATE NO ACTION)
ENGINE = InnoDB;


-- -----------------------------------------------------
-- Table `Teckmeb`.`Course`
-- -----------------------------------------------------
DROP TABLE IF EXISTS `Teckmeb`.`Course` ;

CREATE TABLE IF NOT EXISTS `Teckmeb`.`Course` (
  `idCourse` INT NOT NULL AUTO_INCREMENT,
  `courseType` CHAR(2) NOT NULL,
  `creationYear` YEAR NOT NULL,
  PRIMARY KEY (`idCourse`),
  UNIQUE INDEX `creationYear_courseType_UNIQUE` (`creationYear` ASC, `courseType` ASC))
ENGINE = InnoDB;


-- -----------------------------------------------------
-- Table `Teckmeb`.`Semester`
-- -----------------------------------------------------
DROP TABLE IF EXISTS `Teckmeb`.`Semester` ;

CREATE TABLE IF NOT EXISTS `Teckmeb`.`Semester` (
  `idSemester` INT NOT NULL AUTO_INCREMENT,
  `idCourse` INT NOT NULL,
  `schoolYear` YEAR NOT NULL,
  `delayed` TINYINT(1) NOT NULL DEFAULT 0,
  `active` TINYINT(1) NOT NULL DEFAULT 0,
  PRIMARY KEY (`idSemester`),
  INDEX `fk_Semester_Course1_idx` (`idCourse` ASC),
  CONSTRAINT `fk_Semester_Course1`
    FOREIGN KEY (`idCourse`)
    REFERENCES `Teckmeb`.`Course` (`idCourse`)
    ON DELETE CASCADE
    ON UPDATE NO ACTION)
ENGINE = InnoDB;


-- -----------------------------------------------------
-- Table `Teckmeb`.`Group`
-- -----------------------------------------------------
DROP TABLE IF EXISTS `Teckmeb`.`Group` ;

CREATE TABLE IF NOT EXISTS `Teckmeb`.`Group` (
  `idGroup` INT NOT NULL AUTO_INCREMENT,
  `groupName` CHAR(2) NOT NULL,
  `idSemester` INT NOT NULL,
  INDEX `fk_Group_Semester1_idx` (`idSemester` ASC),
  PRIMARY KEY (`idGroup`),
  UNIQUE INDEX `idSemester_groupName_UNIQUE` (`idSemester` ASC, `groupName` ASC),
  CONSTRAINT `fk_Group_Semester1`
    FOREIGN KEY (`idSemester`)
    REFERENCES `Teckmeb`.`Semester` (`idSemester`)
    ON DELETE CASCADE
    ON UPDATE NO ACTION)
ENGINE = InnoDB;


-- -----------------------------------------------------
-- Table `Teckmeb`.`TeachingUnit`
-- -----------------------------------------------------
DROP TABLE IF EXISTS `Teckmeb`.`TeachingUnit` ;

CREATE TABLE IF NOT EXISTS `Teckmeb`.`TeachingUnit` (
  `idTeachingUnit` INT NOT NULL AUTO_INCREMENT,
  `teachingUnitCode` VARCHAR(45) NOT NULL,
  `teachingUnitName` VARCHAR(100) NOT NULL,
  `creationYear` YEAR NOT NULL,
  PRIMARY KEY (`idTeachingUnit`))
ENGINE = InnoDB;


-- -----------------------------------------------------
-- Table `Teckmeb`.`Module`
-- -----------------------------------------------------
DROP TABLE IF EXISTS `Teckmeb`.`Module` ;

CREATE TABLE IF NOT EXISTS `Teckmeb`.`Module` (
  `idModule` INT NOT NULL AUTO_INCREMENT,
  `moduleCode` VARCHAR(45) NOT NULL,
  `moduleName` VARCHAR(100) NOT NULL,
  PRIMARY KEY (`idModule`))
ENGINE = InnoDB;


-- -----------------------------------------------------
-- Table `Teckmeb`.`Subject`
-- -----------------------------------------------------
DROP TABLE IF EXISTS `Teckmeb`.`Subject` ;

CREATE TABLE IF NOT EXISTS `Teckmeb`.`Subject` (
  `idSubject` INT NOT NULL AUTO_INCREMENT,
  `subjectCode` VARCHAR(10) NOT NULL,
  `subjectName` VARCHAR(100) NOT NULL,
  `subjectCoefficient` DECIMAL(4,2) NOT NULL,
  PRIMARY KEY (`idSubject`))
ENGINE = InnoDB;


-- -----------------------------------------------------
-- Table `Teckmeb`.`Teacher`
-- -----------------------------------------------------
DROP TABLE IF EXISTS `Teckmeb`.`Teacher` ;

CREATE TABLE IF NOT EXISTS `Teckmeb`.`Teacher` (
  `idTeacher` INT NOT NULL AUTO_INCREMENT,
  `idUser` INT NOT NULL,
  PRIMARY KEY (`idTeacher`),
  INDEX `fk_Teacher_User1_idx` (`idUser` ASC),
  CONSTRAINT `fk_Teacher_User1`
    FOREIGN KEY (`idUser`)
    REFERENCES `Teckmeb`.`User` (`idUser`)
    ON DELETE NO ACTION
    ON UPDATE NO ACTION)
ENGINE = InnoDB;


-- -----------------------------------------------------
-- Table `Teckmeb`.`Promo`
-- -----------------------------------------------------
DROP TABLE IF EXISTS `Teckmeb`.`Promo` ;

CREATE TABLE IF NOT EXISTS `Teckmeb`.`Promo` (
  `idPromo` INT NOT NULL AUTO_INCREMENT,
  `idSemester` INT NOT NULL,
  `idSubject` INT NOT NULL,
  PRIMARY KEY (`idPromo`),
  INDEX `fk_Promo_Semester1_idx` (`idSemester` ASC),
  INDEX `fk_Promo_Subject1_idx` (`idSubject` ASC),
  CONSTRAINT `fk_Promo_Semester1`
    FOREIGN KEY (`idSemester`)
    REFERENCES `Teckmeb`.`Semester` (`idSemester`)
    ON DELETE NO ACTION
    ON UPDATE NO ACTION,
  CONSTRAINT `fk_Promo_Subject1`
    FOREIGN KEY (`idSubject`)
    REFERENCES `Teckmeb`.`Subject` (`idSubject`)
    ON DELETE NO ACTION
    ON UPDATE NO ACTION)
ENGINE = InnoDB;


-- -----------------------------------------------------
-- Table `Teckmeb`.`Education`
-- -----------------------------------------------------
DROP TABLE IF EXISTS `Teckmeb`.`Education` ;

CREATE TABLE IF NOT EXISTS `Teckmeb`.`Education` (
  `idEducation` INT NOT NULL AUTO_INCREMENT,
  `idGroup` INT NOT NULL,
  `idSubject` INT NOT NULL,
  `idTeacher` INT NULL,
  INDEX `fk_Education_Group1_idx` (`idGroup` ASC),
  PRIMARY KEY (`idEducation`),
  INDEX `fk_Education_Subject1_idx` (`idSubject` ASC),
  INDEX `fk_Education_Teacher1_idx` (`idTeacher` ASC),
  CONSTRAINT `fk_Education_Group1`
    FOREIGN KEY (`idGroup`)
    REFERENCES `Teckmeb`.`Group` (`idGroup`)
    ON DELETE CASCADE
    ON UPDATE NO ACTION,
  CONSTRAINT `fk_Education_Subject1`
    FOREIGN KEY (`idSubject`)
    REFERENCES `Teckmeb`.`Subject` (`idSubject`)
    ON DELETE CASCADE
    ON UPDATE NO ACTION,
  CONSTRAINT `fk_Education_Teacher1`
    FOREIGN KEY (`idTeacher`)
    REFERENCES `Teckmeb`.`Teacher` (`idTeacher`)
    ON DELETE SET NULL
    ON UPDATE NO ACTION)
ENGINE = InnoDB;


-- -----------------------------------------------------
-- Table `Teckmeb`.`ControlType`
-- -----------------------------------------------------
DROP TABLE IF EXISTS `Teckmeb`.`ControlType` ;

CREATE TABLE IF NOT EXISTS `Teckmeb`.`ControlType` (
  `idControlType` INT NOT NULL AUTO_INCREMENT,
  `controlTypeName` VARCHAR(45) NOT NULL,
  PRIMARY KEY (`idControlType`),
  UNIQUE INDEX `controlTypeName_UNIQUE` (`controlTypeName` ASC))
ENGINE = InnoDB;


-- -----------------------------------------------------
-- Table `Teckmeb`.`Control`
-- -----------------------------------------------------
DROP TABLE IF EXISTS `Teckmeb`.`Control` ;

CREATE TABLE IF NOT EXISTS `Teckmeb`.`Control` (
  `idControl` INT NOT NULL AUTO_INCREMENT,
  `controlName` VARCHAR(45) NOT NULL,
  `coefficient` DECIMAL(4,2) NOT NULL,
  `divisor` DECIMAL(4,2) NOT NULL,
  `idControlType` INT NOT NULL,
  `median` DECIMAL(4,2) NULL,
  `average` DECIMAL(4,2) NULL,
  `standardDeviation` DECIMAL(4,2) NULL,
  `controlDate` DATE NOT NULL,
  `idEducation` INT NULL COMMENT 'Si idDSPromo est null, idEnseignement a une valeur',
  `idPromo` INT NULL COMMENT 'Si idEnseignement est null, idDSPromo a une valeur',
  PRIMARY KEY (`idControl`),
  UNIQUE INDEX `idControl_UNIQUE` (`idControl` ASC),
  INDEX `fk_Control_Promo1_idx` (`idPromo` ASC),
  INDEX `fk_Control_Education1_idx` (`idEducation` ASC),
  INDEX `fk_Control_ControlType1_idx` (`idControlType` ASC),
  CONSTRAINT `fk_Control_Promo1`
    FOREIGN KEY (`idPromo`)
    REFERENCES `Teckmeb`.`Promo` (`idPromo`)
    ON DELETE NO ACTION
    ON UPDATE NO ACTION,
  CONSTRAINT `fk_Control_Education1`
    FOREIGN KEY (`idEducation`)
    REFERENCES `Teckmeb`.`Education` (`idEducation`)
    ON DELETE NO ACTION
    ON UPDATE NO ACTION,
  CONSTRAINT `fk_Control_ControlType1`
    FOREIGN KEY (`idControlType`)
    REFERENCES `Teckmeb`.`ControlType` (`idControlType`)
    ON DELETE NO ACTION
    ON UPDATE NO ACTION)
ENGINE = InnoDB;


-- -----------------------------------------------------
-- Table `Teckmeb`.`Mark`
-- -----------------------------------------------------
DROP TABLE IF EXISTS `Teckmeb`.`Mark` ;

CREATE TABLE IF NOT EXISTS `Teckmeb`.`Mark` (
  `idStudent` CHAR(8) NOT NULL,
  `idControl` INT NOT NULL,
  `value` DECIMAL(4,2) NOT NULL,
  PRIMARY KEY (`idStudent`, `idControl`),
  INDEX `fk_Mark_Student1_idx` (`idStudent` ASC),
  INDEX `fk_Mark_Control1_idx` (`idControl` ASC),
  CONSTRAINT `fk_Mark_Student1`
    FOREIGN KEY (`idStudent`)
    REFERENCES `Teckmeb`.`Student` (`idStudent`)
    ON DELETE NO ACTION
    ON UPDATE NO ACTION,
  CONSTRAINT `fk_Mark_Control1`
    FOREIGN KEY (`idControl`)
    REFERENCES `Teckmeb`.`Control` (`idControl`)
    ON DELETE NO ACTION
    ON UPDATE NO ACTION)
ENGINE = InnoDB;


-- -----------------------------------------------------
-- Table `Teckmeb`.`Timetable`
-- -----------------------------------------------------
DROP TABLE IF EXISTS `Teckmeb`.`Timetable` ;

CREATE TABLE IF NOT EXISTS `Teckmeb`.`Timetable` (
  `idTimetable` INT NOT NULL AUTO_INCREMENT,
  `resource` INT NOT NULL,
  `json` MEDIUMTEXT NOT NULL,
  `idTeacher` INT NULL,
  `idGroup` INT NULL,
  `roomName` VARCHAR(45) NULL,
  INDEX `fk_Timetable_Group1_idx` (`idGroup` ASC),
  PRIMARY KEY (`idTimetable`),
  INDEX `fk_Timetable_Teacher1_idx` (`idTeacher` ASC),
  CONSTRAINT `fk_Timetable_Teacher1`
    FOREIGN KEY (`idTeacher`)
    REFERENCES `Teckmeb`.`Teacher` (`idTeacher`)
    ON DELETE NO ACTION
    ON UPDATE NO ACTION,
  CONSTRAINT `fk_Timetable_Group1`
    FOREIGN KEY (`idGroup`)
    REFERENCES `Teckmeb`.`Group` (`idGroup`)
    ON DELETE NO ACTION
    ON UPDATE NO ACTION)
ENGINE = InnoDB;


-- -----------------------------------------------------
-- Table `Teckmeb`.`Secretariat`
-- -----------------------------------------------------
DROP TABLE IF EXISTS `Teckmeb`.`Secretariat` ;

CREATE TABLE IF NOT EXISTS `Teckmeb`.`Secretariat` (
  `idSecretariat` INT NOT NULL AUTO_INCREMENT,
  `idUser` INT NOT NULL,
  PRIMARY KEY (`idSecretariat`),
  INDEX `fk_Secretariat_User1_idx` (`idUser` ASC),
  CONSTRAINT `fk_Secretariat_User1`
    FOREIGN KEY (`idUser`)
    REFERENCES `Teckmeb`.`User` (`idUser`)
    ON DELETE NO ACTION
    ON UPDATE NO ACTION)
ENGINE = InnoDB;


-- -----------------------------------------------------
-- Table `Teckmeb`.`Project`
-- -----------------------------------------------------
DROP TABLE IF EXISTS `Teckmeb`.`Project` ;

CREATE TABLE IF NOT EXISTS `Teckmeb`.`Project` (
  `idProject` INT NOT NULL AUTO_INCREMENT,
  `idTeacher` INT NOT NULL,
  `projectName` VARCHAR(45) NOT NULL,
  `projectPicture` VARCHAR(100) NULL,
  PRIMARY KEY (`idProject`),
  INDEX `fk_Project_Teacher1_idx` (`idTeacher` ASC),
  UNIQUE INDEX `projectPicture_UNIQUE` (`projectPicture` ASC),
  CONSTRAINT `fk_Project_Teacher1`
    FOREIGN KEY (`idTeacher`)
    REFERENCES `Teckmeb`.`Teacher` (`idTeacher`)
    ON DELETE NO ACTION
    ON UPDATE NO ACTION)
ENGINE = InnoDB;


-- -----------------------------------------------------
-- Table `Teckmeb`.`ProjectMember`
-- -----------------------------------------------------
DROP TABLE IF EXISTS `Teckmeb`.`ProjectMember` ;

CREATE TABLE IF NOT EXISTS `Teckmeb`.`ProjectMember` (
  `idStudent` CHAR(8) NOT NULL,
  `idProject` INT NOT NULL,
  PRIMARY KEY (`idStudent`, `idProject`),
  INDEX `fk_ProjectMember_Project1_idx` (`idProject` ASC),
  CONSTRAINT `fk_ProjectMember_Student1`
    FOREIGN KEY (`idStudent`)
    REFERENCES `Teckmeb`.`Student` (`idStudent`)
    ON DELETE NO ACTION
    ON UPDATE NO ACTION,
  CONSTRAINT `fk_ProjectMember_Project1`
    FOREIGN KEY (`idProject`)
    REFERENCES `Teckmeb`.`Project` (`idProject`)
    ON DELETE NO ACTION
    ON UPDATE NO ACTION)
ENGINE = InnoDB;


-- -----------------------------------------------------
-- Table `Teckmeb`.`Appointment`
-- -----------------------------------------------------
DROP TABLE IF EXISTS `Teckmeb`.`Appointment` ;

CREATE TABLE IF NOT EXISTS `Teckmeb`.`Appointment` (
  `idAppointment` INT NOT NULL AUTO_INCREMENT,
  `finalDate` DATETIME NULL,
  `comment` TEXT NULL,
  `idProject` INT NOT NULL,
  PRIMARY KEY (`idAppointment`),
  INDEX `fk_Appointment_Project_idx` (`idProject` ASC),
  CONSTRAINT `fk_Appointment_Project1`
    FOREIGN KEY (`idProject`)
    REFERENCES `Teckmeb`.`Project` (`idProject`)
    ON DELETE CASCADE
    ON UPDATE NO ACTION)
ENGINE = InnoDB;


-- -----------------------------------------------------
-- Table `Teckmeb`.`DateProposal`
-- -----------------------------------------------------
DROP TABLE IF EXISTS `Teckmeb`.`DateProposal` ;

CREATE TABLE IF NOT EXISTS `Teckmeb`.`DateProposal` (
  `idDateProposal` INT NOT NULL AUTO_INCREMENT,
  `date` DATETIME NOT NULL,
  `idAppointment` INT NOT NULL,
  PRIMARY KEY (`idDateProposal`),
  INDEX `fk_DateProposal_Project1_idx` (`idAppointment` ASC),
  CONSTRAINT `fk_DateProposal_Project1`
    FOREIGN KEY (`idAppointment`)
    REFERENCES `Teckmeb`.`Appointment` (`idAppointment`)
    ON DELETE CASCADE
    ON UPDATE NO ACTION)
ENGINE = InnoDB;


-- -----------------------------------------------------
-- Table `Teckmeb`.`Question`
-- -----------------------------------------------------
DROP TABLE IF EXISTS `Teckmeb`.`Question` ;

CREATE TABLE IF NOT EXISTS `Teckmeb`.`Question` (
  `idQuestion` INT NOT NULL AUTO_INCREMENT,
  `title` VARCHAR(255) NOT NULL,
  `content` TEXT NOT NULL,
  `questionDate` DATETIME NOT NULL DEFAULT NOW(),
  `public` TINYINT(1) NOT NULL DEFAULT 0,
  `closed` TINYINT(1) NOT NULL DEFAULT 0,
  `idTeacher` INT NOT NULL,
  `idStudent` CHAR(8) NOT NULL,
  PRIMARY KEY (`idQuestion`),
  INDEX `fk_Question_Teacher1_idx` (`idTeacher` ASC),
  INDEX `fk_Question_Student1_idx` (`idStudent` ASC),
  CONSTRAINT `fk_Question_Teacher1`
    FOREIGN KEY (`idTeacher`)
    REFERENCES `Teckmeb`.`Teacher` (`idTeacher`)
    ON DELETE NO ACTION
    ON UPDATE NO ACTION,
  CONSTRAINT `fk_Question_Student1`
    FOREIGN KEY (`idStudent`)
    REFERENCES `Teckmeb`.`Student` (`idStudent`)
    ON DELETE NO ACTION
    ON UPDATE NO ACTION)
ENGINE = InnoDB;


-- -----------------------------------------------------
-- Table `Teckmeb`.`StudentGroup`
-- -----------------------------------------------------
DROP TABLE IF EXISTS `Teckmeb`.`StudentGroup` ;

CREATE TABLE IF NOT EXISTS `Teckmeb`.`StudentGroup` (
  `idStudentGroup` INT NOT NULL AUTO_INCREMENT,
  `idStudent` CHAR(8) NOT NULL,
  `idGroup` INT NOT NULL,
  INDEX `fk_StudentGroup_Student1_idx` (`idStudent` ASC),
  PRIMARY KEY (`idStudentGroup`),
  INDEX `fk_StudentGroup_Group1_idx` (`idGroup` ASC),
  CONSTRAINT `fk_StudentGroup_Student1`
    FOREIGN KEY (`idStudent`)
    REFERENCES `Teckmeb`.`Student` (`idStudent`)
    ON DELETE CASCADE
    ON UPDATE NO ACTION,
  CONSTRAINT `fk_StudentGroup_Group1`
    FOREIGN KEY (`idGroup`)
    REFERENCES `Teckmeb`.`Group` (`idGroup`)
    ON DELETE CASCADE
    ON UPDATE NO ACTION)
ENGINE = InnoDB;


-- -----------------------------------------------------
-- Table `Teckmeb`.`Referent`
-- -----------------------------------------------------
DROP TABLE IF EXISTS `Teckmeb`.`Referent` ;

CREATE TABLE IF NOT EXISTS `Teckmeb`.`Referent` (
  `idReferent` INT NOT NULL AUTO_INCREMENT,
  `idTeacher` INT NOT NULL,
  `idModule` INT NOT NULL,
  `idSemester` INT NOT NULL,
  PRIMARY KEY (`idReferent`),
  INDEX `fk_Referent_Teacher1_idx` (`idTeacher` ASC),
  INDEX `fk_Referent_Semester1_idx` (`idSemester` ASC),
  INDEX `fk_Referent_Module1_idx` (`idModule` ASC),
  CONSTRAINT `fk_Referent_Teacher1`
    FOREIGN KEY (`idTeacher`)
    REFERENCES `Teckmeb`.`Teacher` (`idTeacher`)
    ON DELETE CASCADE
    ON UPDATE NO ACTION,
  CONSTRAINT `fk_Referent_Semester1`
    FOREIGN KEY (`idSemester`)
    REFERENCES `Teckmeb`.`Semester` (`idSemester`)
    ON DELETE CASCADE
    ON UPDATE NO ACTION,
  CONSTRAINT `fk_Referent_Module1`
    FOREIGN KEY (`idModule`)
    REFERENCES `Teckmeb`.`Module` (`idModule`)
    ON DELETE CASCADE
    ON UPDATE NO ACTION)
ENGINE = InnoDB;


-- -----------------------------------------------------
-- Table `Teckmeb`.`SubjectOfModule`
-- -----------------------------------------------------
DROP TABLE IF EXISTS `Teckmeb`.`SubjectOfModule` ;

CREATE TABLE IF NOT EXISTS `Teckmeb`.`SubjectOfModule` (
  `idSubjectOfModule` INT NOT NULL AUTO_INCREMENT,
  `idModule` INT NOT NULL,
  `idSubject` INT NOT NULL,
  INDEX `fk_SubjectOfModule_Subject1_idx` (`idSubject` ASC),
  INDEX `fk_SubjectOfModule_Module1_idx` (`idModule` ASC),
  PRIMARY KEY (`idSubjectOfModule`),
  UNIQUE INDEX `SubjectOfModule_UNIQUE` (`idModule` ASC, `idSubject` ASC),
  CONSTRAINT `fk_SubjectOfModule_Module1`
    FOREIGN KEY (`idModule`)
    REFERENCES `Teckmeb`.`Module` (`idModule`)
    ON DELETE NO ACTION
    ON UPDATE NO ACTION,
  CONSTRAINT `fk_SubjectOfModule_Subject1`
    FOREIGN KEY (`idSubject`)
    REFERENCES `Teckmeb`.`Subject` (`idSubject`)
    ON DELETE NO ACTION
    ON UPDATE NO ACTION)
ENGINE = InnoDB;


-- -----------------------------------------------------
-- Table `Teckmeb`.`ModuleOfTeachingUnit`
-- -----------------------------------------------------
DROP TABLE IF EXISTS `Teckmeb`.`ModuleOfTeachingUnit` ;

CREATE TABLE IF NOT EXISTS `Teckmeb`.`ModuleOfTeachingUnit` (
  `idModuleOfTeachingUnit` INT NOT NULL AUTO_INCREMENT,
  `idTeachingUnit` INT NOT NULL,
  `idModule` INT NOT NULL,
  INDEX `fk_ModuleOfTeachingUnit_Module1_idx` (`idModule` ASC),
  INDEX `fk_ModuleOfTeachingUnit_TeacherUnit1_idx` (`idTeachingUnit` ASC),
  PRIMARY KEY (`idModuleOfTeachingUnit`),
  UNIQUE INDEX `ModuleOfTeachingUnit_UNIQUE` (`idTeachingUnit` ASC, `idModule` ASC),
  CONSTRAINT `fk_ModuleOfTeachingUnit_TeacherUnit1`
    FOREIGN KEY (`idTeachingUnit`)
    REFERENCES `Teckmeb`.`TeachingUnit` (`idTeachingUnit`)
    ON DELETE NO ACTION
    ON UPDATE NO ACTION,
  CONSTRAINT `fk_ModuleOfTeachingUnit_Module1`
    FOREIGN KEY (`idModule`)
    REFERENCES `Teckmeb`.`Module` (`idModule`)
    ON DELETE NO ACTION
    ON UPDATE NO ACTION)
ENGINE = InnoDB;


-- -----------------------------------------------------
-- Table `Teckmeb`.`Answer`
-- -----------------------------------------------------
DROP TABLE IF EXISTS `Teckmeb`.`Answer` ;

CREATE TABLE IF NOT EXISTS `Teckmeb`.`Answer` (
  `idAnswer` INT NOT NULL AUTO_INCREMENT,
  `idQuestion` INT NOT NULL,
  `content` TEXT NOT NULL,
  `answerDate` DATETIME NOT NULL DEFAULT NOW(),
  `teacher` TINYINT(1) NOT NULL,
  PRIMARY KEY (`idAnswer`),
  INDEX `fk_Answer_Question1_idx` (`idQuestion` ASC),
  CONSTRAINT `fk_Answer_Question1`
    FOREIGN KEY (`idQuestion`)
    REFERENCES `Teckmeb`.`Question` (`idQuestion`)
    ON DELETE NO ACTION
    ON UPDATE NO ACTION)
ENGINE = InnoDB;


-- -----------------------------------------------------
-- Table `Teckmeb`.`TeachingUnitOfCourse`
-- -----------------------------------------------------
DROP TABLE IF EXISTS `Teckmeb`.`TeachingUnitOfCourse` ;

CREATE TABLE IF NOT EXISTS `Teckmeb`.`TeachingUnitOfCourse` (
  `idTeachingUnitOfCourse` INT NOT NULL AUTO_INCREMENT,
  `idCourse` INT NOT NULL,
  `idTeachingUnit` INT NOT NULL,
  PRIMARY KEY (`idTeachingUnitOfCourse`),
  INDEX `fk_TeachingUnitOfCourse_Course1_idx` (`idCourse` ASC),
  INDEX `fk_TeachingUnitOfCourse_TeachingUnit1_idx` (`idTeachingUnit` ASC),
  CONSTRAINT `fk_TeachingUnitOfCourse_Course1`
    FOREIGN KEY (`idCourse`)
    REFERENCES `Teckmeb`.`Course` (`idCourse`)
    ON DELETE CASCADE
    ON UPDATE NO ACTION,
  CONSTRAINT `fk_TeachingUnitOfCourse_TeachingUnit1`
    FOREIGN KEY (`idTeachingUnit`)
    REFERENCES `Teckmeb`.`TeachingUnit` (`idTeachingUnit`)
    ON DELETE NO ACTION
    ON UPDATE NO ACTION)
ENGINE = InnoDB;


-- -----------------------------------------------------
-- Table `Teckmeb`.`Notification`
-- -----------------------------------------------------
DROP TABLE IF EXISTS `Teckmeb`.`Notification` ;

CREATE TABLE IF NOT EXISTS `Teckmeb`.`Notification` (
  `idNotification` INT NOT NULL AUTO_INCREMENT,
  `content` TEXT NOT NULL,
  `type` VARCHAR(45) NOT NULL DEFAULT 'info',
  `icon` VARCHAR(45) NULL,
  `link` VARCHAR(255) NULL,
  `idUser` INT NOT NULL,
  PRIMARY KEY (`idNotification`),
  INDEX `fk_Notification_User1_idx` (`idUser` ASC),
  CONSTRAINT `fk_Notification_User1`
    FOREIGN KEY (`idUser`)
    REFERENCES `Teckmeb`.`User` (`idUser`)
    ON DELETE NO ACTION
    ON UPDATE NO ACTION)
ENGINE = InnoDB;


-- -----------------------------------------------------
-- Table `Teckmeb`.`DateAccept`
-- -----------------------------------------------------
DROP TABLE IF EXISTS `Teckmeb`.`DateAccept` ;

CREATE TABLE IF NOT EXISTS `Teckmeb`.`DateAccept` (
  `idProposal` INT NOT NULL,
  `idUser` INT NOT NULL,
  `accepted` TINYINT(1) NULL,
  INDEX `fk_DateAccept_DateProposal1_idx` (`idProposal` ASC),
  INDEX `fk_DateAccept_User1_idx` (`idUser` ASC),
  PRIMARY KEY (`idProposal`, `idUser`),
  CONSTRAINT `fk_DateAccept_DateProposal1`
    FOREIGN KEY (`idProposal`)
    REFERENCES `Teckmeb`.`DateProposal` (`idDateProposal`)
    ON DELETE CASCADE
    ON UPDATE NO ACTION,
  CONSTRAINT `fk_DateAccept_User1`
    FOREIGN KEY (`idUser`)
    REFERENCES `Teckmeb`.`User` (`idUser`)
    ON DELETE CASCADE
    ON UPDATE NO ACTION)
ENGINE = InnoDB;

USE `Teckmeb` ;

-- -----------------------------------------------------
-- Placeholder table for view `Teckmeb`.`GroupTimetable`
-- -----------------------------------------------------
CREATE TABLE IF NOT EXISTS `Teckmeb`.`GroupTimetable` (`resource` INT, `json` INT, `idGroup` INT);

-- -----------------------------------------------------
-- Placeholder table for view `Teckmeb`.`TeacherTimetable`
-- -----------------------------------------------------
CREATE TABLE IF NOT EXISTS `Teckmeb`.`TeacherTimetable` (`resource` INT, `json` INT, `idTeacher` INT);

-- -----------------------------------------------------
-- Placeholder table for view `Teckmeb`.`RoomTimetable`
-- -----------------------------------------------------
CREATE TABLE IF NOT EXISTS `Teckmeb`.`RoomTimetable` (`resource` INT, `json` INT, `roomName` INT);

-- -----------------------------------------------------
-- View `Teckmeb`.`GroupTimetable`
-- -----------------------------------------------------
DROP VIEW IF EXISTS `Teckmeb`.`GroupTimetable` ;
DROP TABLE IF EXISTS `Teckmeb`.`GroupTimetable`;
USE `Teckmeb`;
CREATE  OR REPLACE VIEW `GroupTimetable` AS
SELECT resource, json, idGroup
FROM Timetable
WHERE idGroup IS NOT NULL;

-- -----------------------------------------------------
-- View `Teckmeb`.`TeacherTimetable`
-- -----------------------------------------------------
DROP VIEW IF EXISTS `Teckmeb`.`TeacherTimetable` ;
DROP TABLE IF EXISTS `Teckmeb`.`TeacherTimetable`;
USE `Teckmeb`;
CREATE  OR REPLACE VIEW `TeacherTimetable` AS
SELECT resource, json, idTeacher
FROM Timetable
WHERE idTeacher IS NOT NULL;

-- -----------------------------------------------------
-- View `Teckmeb`.`RoomTimetable`
-- -----------------------------------------------------
DROP VIEW IF EXISTS `Teckmeb`.`RoomTimetable` ;
DROP TABLE IF EXISTS `Teckmeb`.`RoomTimetable`;
USE `Teckmeb`;
CREATE  OR REPLACE VIEW `RoomTimetable` AS
SELECT resource, json, roomName
FROM Timetable
WHERE roomName IS NOT NULL;
USE `Teckmeb`;

DELIMITER $$

USE `Teckmeb`$$
DROP TRIGGER IF EXISTS `Teckmeb`.`avg_control_insert` $$
USE `Teckmeb`$$
CREATE TRIGGER `avg_control_insert`
AFTER INSERT ON `Mark`
FOR EACH ROW
BEGIN
	UPDATE Control
    SET average = (
		SELECT avg(value)
        FROM Mark
        WHERE Mark.idControl = new.idControl
	)
	WHERE idControl = new.idControl;
	UPDATE Control
    SET median = (
		SELECT avg(t1.value) as median_val
        FROM (
			SELECT @rownum:=@rownum+1 as `row_number`, d.value
			FROM Mark d,  (SELECT @rownum:=0) r
			WHERE d.idControl = new.idControl
			ORDER BY d.value
		) as t1,
		(
			SELECT count(*) AS total_rows
			FROM Mark d
			WHERE d.idControl = new.idControl
		) as t2
		WHERE 1
		AND t1.row_number IN ( floor((total_rows+1)/2), floor((total_rows+2)/2) )
	)
	WHERE idControl = new.idControl;
END$$


USE `Teckmeb`$$
DROP TRIGGER IF EXISTS `Teckmeb`.`avg_control_update` $$
USE `Teckmeb`$$
CREATE TRIGGER `avg_control_update`
AFTER UPDATE ON `Mark`
FOR EACH ROW
BEGIN
	UPDATE Control
    SET average = (
		SELECT avg(value)
        FROM Mark
        WHERE Mark.idControl = new.idControl
	)
	WHERE idControl = new.idControl;
	UPDATE Control
    SET median = (
		SELECT avg(t1.value) as median_val
        FROM (
			SELECT @rownum:=@rownum+1 as `row_number`, d.value
			FROM Mark d,  (SELECT @rownum:=0) r
			WHERE d.idControl = new.idControl
			ORDER BY d.value
		) as t1,
		(
			SELECT count(*) AS total_rows
			FROM Mark d
			WHERE d.idControl = new.idControl
		) as t2
		WHERE 1
		AND t1.row_number IN ( floor((total_rows+1)/2), floor((total_rows+2)/2) )
	)
	WHERE idControl = new.idControl;
END$$


USE `Teckmeb`$$
DROP TRIGGER IF EXISTS `Teckmeb`.`avg_control_delete` $$
USE `Teckmeb`$$
CREATE TRIGGER `avg_control_delete`
AFTER DELETE ON `Mark`
FOR EACH ROW
BEGIN
	UPDATE Control
    SET average = (
		SELECT avg(value)
        FROM Mark
        WHERE Mark.idControl = old.idControl
	)
	WHERE idControl = old.idControl;
	UPDATE Control
    SET median = (
		SELECT avg(t1.value) as median_val
        FROM (
			SELECT @rownum:=@rownum+1 as `row_number`, d.value
			FROM Mark d,  (SELECT @rownum:=0) r
			WHERE d.idControl = old.idControl
			ORDER BY d.value
		) as t1,
		(
			SELECT count(*) AS total_rows
			FROM Mark d
			WHERE d.idControl = old.idControl
		) as t2
		WHERE 1
		AND t1.row_number IN ( floor((total_rows+1)/2), floor((total_rows+2)/2) )
	)
	WHERE idControl = old.idControl;
END$$


DELIMITER ;

SET SQL_MODE=@OLD_SQL_MODE;
SET FOREIGN_KEY_CHECKS=@OLD_FOREIGN_KEY_CHECKS;
SET UNIQUE_CHECKS=@OLD_UNIQUE_CHECKS;

-- -----------------------------------------------------
-- Data for table `Teckmeb`.`User`
-- -----------------------------------------------------
START TRANSACTION;
USE `Teckmeb`;
INSERT INTO `Teckmeb`.`User` (`idUser`, `name`, `surname`, `email`, `password`) VALUES (1, 'George', 'Malone', 'sem.Pellentesque@etnuncQuisque.net', '$2y$10$irmnELrrANNtkFIvsE/lUOBl4udeGM3KTrwTPfyZhRQ3hj.khytdy');
INSERT INTO `Teckmeb`.`User` (`idUser`, `name`, `surname`, `email`, `password`) VALUES (2, 'Damon', 'Delaney', 'metus.eu.erat@Vivamussit.org', '$2y$10$irmnELrrANNtkFIvsE/lUOBl4udeGM3KTrwTPfyZhRQ3hj.khytdy');
INSERT INTO `Teckmeb`.`User` (`idUser`, `name`, `surname`, `email`, `password`) VALUES (3, 'Addison', 'Levy', 'Ut@placerateget.com', '$2y$10$irmnELrrANNtkFIvsE/lUOBl4udeGM3KTrwTPfyZhRQ3hj.khytdy');
INSERT INTO `Teckmeb`.`User` (`idUser`, `name`, `surname`, `email`, `password`) VALUES (4, 'Caldwell', 'Sweeney', 'mauris.ipsum@velesttempor.edu', '$2y$10$irmnELrrANNtkFIvsE/lUOBl4udeGM3KTrwTPfyZhRQ3hj.khytdy');
INSERT INTO `Teckmeb`.`User` (`idUser`, `name`, `surname`, `email`, `password`) VALUES (5, 'Elijah', 'Irwin', 'nulla.Donec@sociosquadlitora.net', '$2y$10$irmnELrrANNtkFIvsE/lUOBl4udeGM3KTrwTPfyZhRQ3hj.khytdy');
INSERT INTO `Teckmeb`.`User` (`idUser`, `name`, `surname`, `email`, `password`) VALUES (6, 'Summer', 'Maynard', 'eu@urnaVivamusmolestie.net', '$2y$10$irmnELrrANNtkFIvsE/lUOBl4udeGM3KTrwTPfyZhRQ3hj.khytdy');
INSERT INTO `Teckmeb`.`User` (`idUser`, `name`, `surname`, `email`, `password`) VALUES (7, 'Caesar', 'Garrett', 'ac.mattis@etmagnis.ca', '$2y$10$irmnELrrANNtkFIvsE/lUOBl4udeGM3KTrwTPfyZhRQ3hj.khytdy');
INSERT INTO `Teckmeb`.`User` (`idUser`, `name`, `surname`, `email`, `password`) VALUES (8, 'Brandon', 'Cantrell', 'ac.tellus.Suspendisse@malesuadavel.edu', '$2y$10$irmnELrrANNtkFIvsE/lUOBl4udeGM3KTrwTPfyZhRQ3hj.khytdy');
INSERT INTO `Teckmeb`.`User` (`idUser`, `name`, `surname`, `email`, `password`) VALUES (9, 'Mohammad', 'Baird', 'erat.Sed.nunc@pedeCum.edu', '$2y$10$irmnELrrANNtkFIvsE/lUOBl4udeGM3KTrwTPfyZhRQ3hj.khytdy');
INSERT INTO `Teckmeb`.`User` (`idUser`, `name`, `surname`, `email`, `password`) VALUES (10, 'Harlan', 'Key', 'non.ante@egestasDuis.net', '$2y$10$irmnELrrANNtkFIvsE/lUOBl4udeGM3KTrwTPfyZhRQ3hj.khytdy');
INSERT INTO `Teckmeb`.`User` (`idUser`, `name`, `surname`, `email`, `password`) VALUES (11, 'Darius', 'Mcbride', 'augue@dictummagnaUt.ca', '$2y$10$irmnELrrANNtkFIvsE/lUOBl4udeGM3KTrwTPfyZhRQ3hj.khytdy');
INSERT INTO `Teckmeb`.`User` (`idUser`, `name`, `surname`, `email`, `password`) VALUES (12, 'Griffin', 'Hickman', 'velit.dui@nullavulputate.net', '$2y$10$irmnELrrANNtkFIvsE/lUOBl4udeGM3KTrwTPfyZhRQ3hj.khytdy');
INSERT INTO `Teckmeb`.`User` (`idUser`, `name`, `surname`, `email`, `password`) VALUES (13, 'Deacon', 'Hopkins', 'convallis.in.cursus@sitametorci.edu', '$2y$10$irmnELrrANNtkFIvsE/lUOBl4udeGM3KTrwTPfyZhRQ3hj.khytdy');
INSERT INTO `Teckmeb`.`User` (`idUser`, `name`, `surname`, `email`, `password`) VALUES (14, 'Raphael', 'Cantrell', 'tincidunt.nunc@laciniaat.ca', '$2y$10$irmnELrrANNtkFIvsE/lUOBl4udeGM3KTrwTPfyZhRQ3hj.khytdy');
INSERT INTO `Teckmeb`.`User` (`idUser`, `name`, `surname`, `email`, `password`) VALUES (15, 'Rebecca', 'Sears', 'per@gravidamolestie.org', '$2y$10$irmnELrrANNtkFIvsE/lUOBl4udeGM3KTrwTPfyZhRQ3hj.khytdy');
INSERT INTO `Teckmeb`.`User` (`idUser`, `name`, `surname`, `email`, `password`) VALUES (16, 'Zahir', 'Hardy', 'Duis.gravida@laciniamattis.edu', '$2y$10$irmnELrrANNtkFIvsE/lUOBl4udeGM3KTrwTPfyZhRQ3hj.khytdy');
INSERT INTO `Teckmeb`.`User` (`idUser`, `name`, `surname`, `email`, `password`) VALUES (17, 'Sean', 'Glenn', 'feugiat@temporestac.com', '$2y$10$irmnELrrANNtkFIvsE/lUOBl4udeGM3KTrwTPfyZhRQ3hj.khytdy');
INSERT INTO `Teckmeb`.`User` (`idUser`, `name`, `surname`, `email`, `password`) VALUES (18, 'Rajah', 'Ramirez', 'libero.dui.nec@et.ca', '$2y$10$irmnELrrANNtkFIvsE/lUOBl4udeGM3KTrwTPfyZhRQ3hj.khytdy');
INSERT INTO `Teckmeb`.`User` (`idUser`, `name`, `surname`, `email`, `password`) VALUES (19, 'Jackson', 'Rivas', 'aliquet@aliquetdiamSed.edu', '$2y$10$irmnELrrANNtkFIvsE/lUOBl4udeGM3KTrwTPfyZhRQ3hj.khytdy');
INSERT INTO `Teckmeb`.`User` (`idUser`, `name`, `surname`, `email`, `password`) VALUES (20, 'Melvin', 'Quinn', 'Cras@dictumeuplacerat.net', '$2y$10$irmnELrrANNtkFIvsE/lUOBl4udeGM3KTrwTPfyZhRQ3hj.khytdy');
INSERT INTO `Teckmeb`.`User` (`idUser`, `name`, `surname`, `email`, `password`) VALUES (21, 'Hop', 'Tyler', 'nostra.per.inceptos@Integervulputate.org', '$2y$10$irmnELrrANNtkFIvsE/lUOBl4udeGM3KTrwTPfyZhRQ3hj.khytdy');
INSERT INTO `Teckmeb`.`User` (`idUser`, `name`, `surname`, `email`, `password`) VALUES (22, 'Nissim', 'Bradley', 'rutrum.non@portaelita.edu', '$2y$10$irmnELrrANNtkFIvsE/lUOBl4udeGM3KTrwTPfyZhRQ3hj.khytdy');
INSERT INTO `Teckmeb`.`User` (`idUser`, `name`, `surname`, `email`, `password`) VALUES (23, 'Miriam', 'Mcneil', 'sagittis.Nullam@eget.net', '$2y$10$irmnELrrANNtkFIvsE/lUOBl4udeGM3KTrwTPfyZhRQ3hj.khytdy');
INSERT INTO `Teckmeb`.`User` (`idUser`, `name`, `surname`, `email`, `password`) VALUES (24, 'Kasimir', 'Oliver', 'porttitor.tellus@Cumsociis.ca', '$2y$10$irmnELrrANNtkFIvsE/lUOBl4udeGM3KTrwTPfyZhRQ3hj.khytdy');
INSERT INTO `Teckmeb`.`User` (`idUser`, `name`, `surname`, `email`, `password`) VALUES (25, 'Macaulay', 'Leach', 'sodales.Mauris.blandit@diamDuis.org', '$2y$10$irmnELrrANNtkFIvsE/lUOBl4udeGM3KTrwTPfyZhRQ3hj.khytdy');
INSERT INTO `Teckmeb`.`User` (`idUser`, `name`, `surname`, `email`, `password`) VALUES (26, 'Kato', 'Sargent', 'ligula.Donec.luctus@antelectus.co.uk', '$2y$10$irmnELrrANNtkFIvsE/lUOBl4udeGM3KTrwTPfyZhRQ3hj.khytdy');
INSERT INTO `Teckmeb`.`User` (`idUser`, `name`, `surname`, `email`, `password`) VALUES (27, 'Wyoming', 'Goodwin', 'penatibus.et@sitamet.co.uk', '$2y$10$irmnELrrANNtkFIvsE/lUOBl4udeGM3KTrwTPfyZhRQ3hj.khytdy');
INSERT INTO `Teckmeb`.`User` (`idUser`, `name`, `surname`, `email`, `password`) VALUES (28, 'George', 'Massey', 'vel@auguemalesuada.net', '$2y$10$irmnELrrANNtkFIvsE/lUOBl4udeGM3KTrwTPfyZhRQ3hj.khytdy');
INSERT INTO `Teckmeb`.`User` (`idUser`, `name`, `surname`, `email`, `password`) VALUES (29, 'Barclay', 'Osborn', 'Cum.sociis@DonectinciduntDonec.org', '$2y$10$irmnELrrANNtkFIvsE/lUOBl4udeGM3KTrwTPfyZhRQ3hj.khytdy');
INSERT INTO `Teckmeb`.`User` (`idUser`, `name`, `surname`, `email`, `password`) VALUES (30, 'Alvin', 'Slater', 'fringilla@Duisvolutpatnunc.co.uk', '$2y$10$irmnELrrANNtkFIvsE/lUOBl4udeGM3KTrwTPfyZhRQ3hj.khytdy');
INSERT INTO `Teckmeb`.`User` (`idUser`, `name`, `surname`, `email`, `password`) VALUES (31, 'Alvin', 'Avila', 'pharetra.sed@aultricies.co.uk', '$2y$10$irmnELrrANNtkFIvsE/lUOBl4udeGM3KTrwTPfyZhRQ3hj.khytdy');
INSERT INTO `Teckmeb`.`User` (`idUser`, `name`, `surname`, `email`, `password`) VALUES (32, 'MacKensie', 'Turner', 'sed@neque.edu', '$2y$10$irmnELrrANNtkFIvsE/lUOBl4udeGM3KTrwTPfyZhRQ3hj.khytdy');
INSERT INTO `Teckmeb`.`User` (`idUser`, `name`, `surname`, `email`, `password`) VALUES (33, 'Kirby', 'Chase', 'elit.a@at.edu', '$2y$10$irmnELrrANNtkFIvsE/lUOBl4udeGM3KTrwTPfyZhRQ3hj.khytdy');
INSERT INTO `Teckmeb`.`User` (`idUser`, `name`, `surname`, `email`, `password`) VALUES (34, 'Patricia', 'Rollins', 'diam@amet.com', '$2y$10$irmnELrrANNtkFIvsE/lUOBl4udeGM3KTrwTPfyZhRQ3hj.khytdy');
INSERT INTO `Teckmeb`.`User` (`idUser`, `name`, `surname`, `email`, `password`) VALUES (35, 'Akeem', 'Robinson', 'Pellentesque.ut@nec.edu', '$2y$10$irmnELrrANNtkFIvsE/lUOBl4udeGM3KTrwTPfyZhRQ3hj.khytdy');
INSERT INTO `Teckmeb`.`User` (`idUser`, `name`, `surname`, `email`, `password`) VALUES (36, 'Zephania', 'Hurley', 'odio.vel@magna.co.uk', '$2y$10$irmnELrrANNtkFIvsE/lUOBl4udeGM3KTrwTPfyZhRQ3hj.khytdy');
INSERT INTO `Teckmeb`.`User` (`idUser`, `name`, `surname`, `email`, `password`) VALUES (37, 'Barbara', 'Sellers', 'Aenean.massa.Integer@Nulla.com', '$2y$10$irmnELrrANNtkFIvsE/lUOBl4udeGM3KTrwTPfyZhRQ3hj.khytdy');
INSERT INTO `Teckmeb`.`User` (`idUser`, `name`, `surname`, `email`, `password`) VALUES (38, 'Orla', 'Reid', 'Vivamus.sit.amet@Aliquamadipiscinglobortis.com', '$2y$10$irmnELrrANNtkFIvsE/lUOBl4udeGM3KTrwTPfyZhRQ3hj.khytdy');
INSERT INTO `Teckmeb`.`User` (`idUser`, `name`, `surname`, `email`, `password`) VALUES (39, 'Gregory', 'Sosa', 'lobortis@mollis.edu', '$2y$10$irmnELrrANNtkFIvsE/lUOBl4udeGM3KTrwTPfyZhRQ3hj.khytdy');
INSERT INTO `Teckmeb`.`User` (`idUser`, `name`, `surname`, `email`, `password`) VALUES (40, 'Xerxes', 'Contreras', 'dictum.Proin.eget@nonmagna.org', '$2y$10$irmnELrrANNtkFIvsE/lUOBl4udeGM3KTrwTPfyZhRQ3hj.khytdy');
INSERT INTO `Teckmeb`.`User` (`idUser`, `name`, `surname`, `email`, `password`) VALUES (41, 'Jorden', 'Watkins', 'nec.ante.Maecenas@nostra.edu', '$2y$10$irmnELrrANNtkFIvsE/lUOBl4udeGM3KTrwTPfyZhRQ3hj.khytdy');
INSERT INTO `Teckmeb`.`User` (`idUser`, `name`, `surname`, `email`, `password`) VALUES (42, 'Garth', 'Dawson', 'Nulla.dignissim@pretium.com', '$2y$10$irmnELrrANNtkFIvsE/lUOBl4udeGM3KTrwTPfyZhRQ3hj.khytdy');
INSERT INTO `Teckmeb`.`User` (`idUser`, `name`, `surname`, `email`, `password`) VALUES (43, 'Yuri', 'Meadows', 'parturient.montes.nascetur@tinciduntorci.co.uk', '$2y$10$irmnELrrANNtkFIvsE/lUOBl4udeGM3KTrwTPfyZhRQ3hj.khytdy');
INSERT INTO `Teckmeb`.`User` (`idUser`, `name`, `surname`, `email`, `password`) VALUES (44, 'Imogene', 'Turner', 'nunc.sit.amet@pharetrautpharetra.net', '$2y$10$irmnELrrANNtkFIvsE/lUOBl4udeGM3KTrwTPfyZhRQ3hj.khytdy');
INSERT INTO `Teckmeb`.`User` (`idUser`, `name`, `surname`, `email`, `password`) VALUES (45, 'Baker', 'Sloan', 'Duis@blanditmattis.ca', '$2y$10$irmnELrrANNtkFIvsE/lUOBl4udeGM3KTrwTPfyZhRQ3hj.khytdy');
INSERT INTO `Teckmeb`.`User` (`idUser`, `name`, `surname`, `email`, `password`) VALUES (46, 'Samantha', 'Pennington', 'fermentum@Vivamusnonlorem.edu', '$2y$10$irmnELrrANNtkFIvsE/lUOBl4udeGM3KTrwTPfyZhRQ3hj.khytdy');
INSERT INTO `Teckmeb`.`User` (`idUser`, `name`, `surname`, `email`, `password`) VALUES (47, 'Troy', 'Owen', 'feugiat.non@etcommodo.com', '$2y$10$irmnELrrANNtkFIvsE/lUOBl4udeGM3KTrwTPfyZhRQ3hj.khytdy');
INSERT INTO `Teckmeb`.`User` (`idUser`, `name`, `surname`, `email`, `password`) VALUES (48, 'Irma', 'Macias', 'Suspendisse.dui@rhoncusProinnisl.ca', '$2y$10$irmnELrrANNtkFIvsE/lUOBl4udeGM3KTrwTPfyZhRQ3hj.khytdy');
INSERT INTO `Teckmeb`.`User` (`idUser`, `name`, `surname`, `email`, `password`) VALUES (49, 'Octavius', 'Hodge', 'eros.turpis.non@penatibus.co.uk', '$2y$10$irmnELrrANNtkFIvsE/lUOBl4udeGM3KTrwTPfyZhRQ3hj.khytdy');
INSERT INTO `Teckmeb`.`User` (`idUser`, `name`, `surname`, `email`, `password`) VALUES (50, 'Frances', 'Skinner', 'nec@Phasellus.org', '$2y$10$irmnELrrANNtkFIvsE/lUOBl4udeGM3KTrwTPfyZhRQ3hj.khytdy');
INSERT INTO `Teckmeb`.`User` (`idUser`, `name`, `surname`, `email`, `password`) VALUES (51, 'Lana', 'Jensen', 'accumsan.sed.facilisis@malesuadafamesac.ca', '$2y$10$irmnELrrANNtkFIvsE/lUOBl4udeGM3KTrwTPfyZhRQ3hj.khytdy');
INSERT INTO `Teckmeb`.`User` (`idUser`, `name`, `surname`, `email`, `password`) VALUES (52, 'Daryl', 'Vinson', 'egestas@venenatis.net', '$2y$10$irmnELrrANNtkFIvsE/lUOBl4udeGM3KTrwTPfyZhRQ3hj.khytdy');
INSERT INTO `Teckmeb`.`User` (`idUser`, `name`, `surname`, `email`, `password`) VALUES (53, 'Callum', 'Burton', 'feugiat.placerat.velit@portaelit.edu', '$2y$10$irmnELrrANNtkFIvsE/lUOBl4udeGM3KTrwTPfyZhRQ3hj.khytdy');
INSERT INTO `Teckmeb`.`User` (`idUser`, `name`, `surname`, `email`, `password`) VALUES (54, 'Hope', 'Weaver', 'placerat.eget.venenatis@egestasurnajusto.org', '$2y$10$irmnELrrANNtkFIvsE/lUOBl4udeGM3KTrwTPfyZhRQ3hj.khytdy');
INSERT INTO `Teckmeb`.`User` (`idUser`, `name`, `surname`, `email`, `password`) VALUES (55, 'Wang', 'Landry', 'sit.amet.consectetuer@enimMauris.co.uk', '$2y$10$irmnELrrANNtkFIvsE/lUOBl4udeGM3KTrwTPfyZhRQ3hj.khytdy');
INSERT INTO `Teckmeb`.`User` (`idUser`, `name`, `surname`, `email`, `password`) VALUES (56, 'Cleo', 'Allen', 'enim.mi@dolordolor.ca', '$2y$10$irmnELrrANNtkFIvsE/lUOBl4udeGM3KTrwTPfyZhRQ3hj.khytdy');
INSERT INTO `Teckmeb`.`User` (`idUser`, `name`, `surname`, `email`, `password`) VALUES (57, 'Kadeem', 'Guthrie', 'faucibus.orci@aliquam.org', '$2y$10$irmnELrrANNtkFIvsE/lUOBl4udeGM3KTrwTPfyZhRQ3hj.khytdy');
INSERT INTO `Teckmeb`.`User` (`idUser`, `name`, `surname`, `email`, `password`) VALUES (58, 'Lara', 'Moore', 'porttitor@consequat.net', '$2y$10$irmnELrrANNtkFIvsE/lUOBl4udeGM3KTrwTPfyZhRQ3hj.khytdy');
INSERT INTO `Teckmeb`.`User` (`idUser`, `name`, `surname`, `email`, `password`) VALUES (59, 'Sade', 'Patel', 'massa@mauriserateget.net', '$2y$10$irmnELrrANNtkFIvsE/lUOBl4udeGM3KTrwTPfyZhRQ3hj.khytdy');
INSERT INTO `Teckmeb`.`User` (`idUser`, `name`, `surname`, `email`, `password`) VALUES (60, 'Clare', 'Velazquez', 'vestibulum.nec.euismod@vitaeorciPhasellus.com', '$2y$10$irmnELrrANNtkFIvsE/lUOBl4udeGM3KTrwTPfyZhRQ3hj.khytdy');
INSERT INTO `Teckmeb`.`User` (`idUser`, `name`, `surname`, `email`, `password`) VALUES (61, 'Martin', 'Cobb', 'non@porttitor.edu', '$2y$10$irmnELrrANNtkFIvsE/lUOBl4udeGM3KTrwTPfyZhRQ3hj.khytdy');
INSERT INTO `Teckmeb`.`User` (`idUser`, `name`, `surname`, `email`, `password`) VALUES (62, 'Brenda', 'Lynch', 'tempus.lorem.fringilla@risusat.co.uk', '$2y$10$irmnELrrANNtkFIvsE/lUOBl4udeGM3KTrwTPfyZhRQ3hj.khytdy');
INSERT INTO `Teckmeb`.`User` (`idUser`, `name`, `surname`, `email`, `password`) VALUES (63, 'Jermaine', 'Campbell', 'quam.vel.sapien@montes.com', '$2y$10$irmnELrrANNtkFIvsE/lUOBl4udeGM3KTrwTPfyZhRQ3hj.khytdy');
INSERT INTO `Teckmeb`.`User` (`idUser`, `name`, `surname`, `email`, `password`) VALUES (64, 'Lana', 'Decker', 'sociis@eu.ca', '$2y$10$irmnELrrANNtkFIvsE/lUOBl4udeGM3KTrwTPfyZhRQ3hj.khytdy');
INSERT INTO `Teckmeb`.`User` (`idUser`, `name`, `surname`, `email`, `password`) VALUES (65, 'Macey', 'Logan', 'Aenean@sedhendrerit.net', '$2y$10$irmnELrrANNtkFIvsE/lUOBl4udeGM3KTrwTPfyZhRQ3hj.khytdy');
INSERT INTO `Teckmeb`.`User` (`idUser`, `name`, `surname`, `email`, `password`) VALUES (66, 'Rosalyn', 'Glover', 'Cras@duiFusce.org', '$2y$10$irmnELrrANNtkFIvsE/lUOBl4udeGM3KTrwTPfyZhRQ3hj.khytdy');
INSERT INTO `Teckmeb`.`User` (`idUser`, `name`, `surname`, `email`, `password`) VALUES (67, 'Oliver', 'Salazar', 'enim.nec@Praesenteu.edu', '$2y$10$irmnELrrANNtkFIvsE/lUOBl4udeGM3KTrwTPfyZhRQ3hj.khytdy');
INSERT INTO `Teckmeb`.`User` (`idUser`, `name`, `surname`, `email`, `password`) VALUES (68, 'Clare', 'Noble', 'facilisis@senectusetnetus.co.uk', '$2y$10$irmnELrrANNtkFIvsE/lUOBl4udeGM3KTrwTPfyZhRQ3hj.khytdy');
INSERT INTO `Teckmeb`.`User` (`idUser`, `name`, `surname`, `email`, `password`) VALUES (69, 'Reuben', 'Conrad', 'natoque@DuisgravidaPraesent.org', '$2y$10$irmnELrrANNtkFIvsE/lUOBl4udeGM3KTrwTPfyZhRQ3hj.khytdy');
INSERT INTO `Teckmeb`.`User` (`idUser`, `name`, `surname`, `email`, `password`) VALUES (70, 'Odysseus', 'Kline', 'tempor@vehiculaaliquet.co.uk', '$2y$10$irmnELrrANNtkFIvsE/lUOBl4udeGM3KTrwTPfyZhRQ3hj.khytdy');
INSERT INTO `Teckmeb`.`User` (`idUser`, `name`, `surname`, `email`, `password`) VALUES (71, 'Shafira', 'Carroll', 'aliquet@Praesentluctus.com', '$2y$10$irmnELrrANNtkFIvsE/lUOBl4udeGM3KTrwTPfyZhRQ3hj.khytdy');
INSERT INTO `Teckmeb`.`User` (`idUser`, `name`, `surname`, `email`, `password`) VALUES (72, 'Holly', 'Munoz', 'tristique.senectus@Integereu.ca', '$2y$10$irmnELrrANNtkFIvsE/lUOBl4udeGM3KTrwTPfyZhRQ3hj.khytdy');
INSERT INTO `Teckmeb`.`User` (`idUser`, `name`, `surname`, `email`, `password`) VALUES (73, 'Clare', 'Williams', 'et.magnis.dis@faucibusMorbivehicula.ca', '$2y$10$irmnELrrANNtkFIvsE/lUOBl4udeGM3KTrwTPfyZhRQ3hj.khytdy');
INSERT INTO `Teckmeb`.`User` (`idUser`, `name`, `surname`, `email`, `password`) VALUES (74, 'Bert', 'Gilbert', 'ullamcorper.eu@magnaLoremipsum.co.uk', '$2y$10$irmnELrrANNtkFIvsE/lUOBl4udeGM3KTrwTPfyZhRQ3hj.khytdy');
INSERT INTO `Teckmeb`.`User` (`idUser`, `name`, `surname`, `email`, `password`) VALUES (75, 'Barrett', 'Cooley', 'convallis.ante@velit.net', '$2y$10$irmnELrrANNtkFIvsE/lUOBl4udeGM3KTrwTPfyZhRQ3hj.khytdy');
INSERT INTO `Teckmeb`.`User` (`idUser`, `name`, `surname`, `email`, `password`) VALUES (76, 'Uta', 'Lloyd', 'diam@faucibus.net', '$2y$10$irmnELrrANNtkFIvsE/lUOBl4udeGM3KTrwTPfyZhRQ3hj.khytdy');
INSERT INTO `Teckmeb`.`User` (`idUser`, `name`, `surname`, `email`, `password`) VALUES (77, 'Kermit', 'Rose', 'at.arcu@torquentper.org', '$2y$10$irmnELrrANNtkFIvsE/lUOBl4udeGM3KTrwTPfyZhRQ3hj.khytdy');
INSERT INTO `Teckmeb`.`User` (`idUser`, `name`, `surname`, `email`, `password`) VALUES (78, 'Maryam', 'Winters', 'mauris.Morbi.non@interdumligula.com', '$2y$10$irmnELrrANNtkFIvsE/lUOBl4udeGM3KTrwTPfyZhRQ3hj.khytdy');
INSERT INTO `Teckmeb`.`User` (`idUser`, `name`, `surname`, `email`, `password`) VALUES (79, 'Suki', 'Park', 'amet.orci@nullaInteger.net', '$2y$10$irmnELrrANNtkFIvsE/lUOBl4udeGM3KTrwTPfyZhRQ3hj.khytdy');
INSERT INTO `Teckmeb`.`User` (`idUser`, `name`, `surname`, `email`, `password`) VALUES (80, 'Amery', 'Melendez', 'Fusce.mollis.Duis@mauris.edu', '$2y$10$irmnELrrANNtkFIvsE/lUOBl4udeGM3KTrwTPfyZhRQ3hj.khytdy');
INSERT INTO `Teckmeb`.`User` (`idUser`, `name`, `surname`, `email`, `password`) VALUES (81, 'Travis', 'Mendoza', 'euismod.urna@libero.com', '$2y$10$irmnELrrANNtkFIvsE/lUOBl4udeGM3KTrwTPfyZhRQ3hj.khytdy');
INSERT INTO `Teckmeb`.`User` (`idUser`, `name`, `surname`, `email`, `password`) VALUES (82, 'Florence', 'Rich', 'ridiculus.mus.Donec@Integer.ca', '$2y$10$irmnELrrANNtkFIvsE/lUOBl4udeGM3KTrwTPfyZhRQ3hj.khytdy');
INSERT INTO `Teckmeb`.`User` (`idUser`, `name`, `surname`, `email`, `password`) VALUES (83, 'Geoffrey', 'Randolph', 'risus.Nulla@antelectus.net', '$2y$10$irmnELrrANNtkFIvsE/lUOBl4udeGM3KTrwTPfyZhRQ3hj.khytdy');
INSERT INTO `Teckmeb`.`User` (`idUser`, `name`, `surname`, `email`, `password`) VALUES (84, 'Marah', 'Sheppard', 'nec@Sedeu.edu', '$2y$10$irmnELrrANNtkFIvsE/lUOBl4udeGM3KTrwTPfyZhRQ3hj.khytdy');
INSERT INTO `Teckmeb`.`User` (`idUser`, `name`, `surname`, `email`, `password`) VALUES (85, 'Ignacia', 'Wise', 'massa.non.ante@SuspendisseeleifendCras.co.uk', '$2y$10$irmnELrrANNtkFIvsE/lUOBl4udeGM3KTrwTPfyZhRQ3hj.khytdy');
INSERT INTO `Teckmeb`.`User` (`idUser`, `name`, `surname`, `email`, `password`) VALUES (86, 'Malcolm', 'Wright', 'porttitor.tellus.non@Fusce.edu', '$2y$10$irmnELrrANNtkFIvsE/lUOBl4udeGM3KTrwTPfyZhRQ3hj.khytdy');
INSERT INTO `Teckmeb`.`User` (`idUser`, `name`, `surname`, `email`, `password`) VALUES (87, 'Beatrice', 'Livingston', 'volutpat@pedeacurna.edu', '$2y$10$irmnELrrANNtkFIvsE/lUOBl4udeGM3KTrwTPfyZhRQ3hj.khytdy');
INSERT INTO `Teckmeb`.`User` (`idUser`, `name`, `surname`, `email`, `password`) VALUES (88, 'Lyle', 'Glass', 'sapien.Cras.dolor@Morbivehicula.org', '$2y$10$irmnELrrANNtkFIvsE/lUOBl4udeGM3KTrwTPfyZhRQ3hj.khytdy');
INSERT INTO `Teckmeb`.`User` (`idUser`, `name`, `surname`, `email`, `password`) VALUES (89, 'Georgia', 'Love', 'adipiscing.lacus.Ut@ultriciesdignissim.org', '$2y$10$irmnELrrANNtkFIvsE/lUOBl4udeGM3KTrwTPfyZhRQ3hj.khytdy');
INSERT INTO `Teckmeb`.`User` (`idUser`, `name`, `surname`, `email`, `password`) VALUES (90, 'Malcolm', 'Dudley', 'elementum.lorem.ut@venenatisa.org', '$2y$10$irmnELrrANNtkFIvsE/lUOBl4udeGM3KTrwTPfyZhRQ3hj.khytdy');
INSERT INTO `Teckmeb`.`User` (`idUser`, `name`, `surname`, `email`, `password`) VALUES (91, 'Brian', 'Deleon', 'vitae.aliquet.nec@pedeet.co.uk', '$2y$10$irmnELrrANNtkFIvsE/lUOBl4udeGM3KTrwTPfyZhRQ3hj.khytdy');
INSERT INTO `Teckmeb`.`User` (`idUser`, `name`, `surname`, `email`, `password`) VALUES (92, 'Ebony', 'Tanner', 'Cras.sed@odioPhasellus.ca', '$2y$10$irmnELrrANNtkFIvsE/lUOBl4udeGM3KTrwTPfyZhRQ3hj.khytdy');
INSERT INTO `Teckmeb`.`User` (`idUser`, `name`, `surname`, `email`, `password`) VALUES (93, 'Yvette', 'Kim', 'mi.lorem.vehicula@mi.net', '$2y$10$irmnELrrANNtkFIvsE/lUOBl4udeGM3KTrwTPfyZhRQ3hj.khytdy');
INSERT INTO `Teckmeb`.`User` (`idUser`, `name`, `surname`, `email`, `password`) VALUES (94, 'Tashya', 'Workman', 'Phasellus.dapibus.quam@Proinsedturpis.com', '$2y$10$irmnELrrANNtkFIvsE/lUOBl4udeGM3KTrwTPfyZhRQ3hj.khytdy');
INSERT INTO `Teckmeb`.`User` (`idUser`, `name`, `surname`, `email`, `password`) VALUES (95, 'Jocelyn', 'Yang', 'Duis.mi.enim@malesuada.org', '$2y$10$irmnELrrANNtkFIvsE/lUOBl4udeGM3KTrwTPfyZhRQ3hj.khytdy');
INSERT INTO `Teckmeb`.`User` (`idUser`, `name`, `surname`, `email`, `password`) VALUES (96, 'Marsden', 'Mccarthy', 'ipsum.nunc@ante.edu', '$2y$10$irmnELrrANNtkFIvsE/lUOBl4udeGM3KTrwTPfyZhRQ3hj.khytdy');
INSERT INTO `Teckmeb`.`User` (`idUser`, `name`, `surname`, `email`, `password`) VALUES (97, 'Jolene', 'Carver', 'nulla.Integer@posuere.co.uk', '$2y$10$irmnELrrANNtkFIvsE/lUOBl4udeGM3KTrwTPfyZhRQ3hj.khytdy');
INSERT INTO `Teckmeb`.`User` (`idUser`, `name`, `surname`, `email`, `password`) VALUES (98, 'Samuel', 'Scott', 'Sed.nunc.est@nibhQuisquenonummy.ca', '$2y$10$irmnELrrANNtkFIvsE/lUOBl4udeGM3KTrwTPfyZhRQ3hj.khytdy');
INSERT INTO `Teckmeb`.`User` (`idUser`, `name`, `surname`, `email`, `password`) VALUES (99, 'Sonia', 'Fitzgerald', 'scelerisque.scelerisque@Donec.net', '$2y$10$irmnELrrANNtkFIvsE/lUOBl4udeGM3KTrwTPfyZhRQ3hj.khytdy');
INSERT INTO `Teckmeb`.`User` (`idUser`, `name`, `surname`, `email`, `password`) VALUES (100, 'Keelie', 'Justice', 'eros.non.enim@nonummy.co.uk', '$2y$10$irmnELrrANNtkFIvsE/lUOBl4udeGM3KTrwTPfyZhRQ3hj.khytdy');
INSERT INTO `Teckmeb`.`User` (`idUser`, `name`, `surname`, `email`, `password`) VALUES (101, 'Allistair', 'Mcneil', 'in@aliquetmetus.ca', '$2y$10$irmnELrrANNtkFIvsE/lUOBl4udeGM3KTrwTPfyZhRQ3hj.khytdy');
INSERT INTO `Teckmeb`.`User` (`idUser`, `name`, `surname`, `email`, `password`) VALUES (102, 'Quail', 'Chavez', 'Quisque.libero.lacus@egetmetusIn.com', '$2y$10$irmnELrrANNtkFIvsE/lUOBl4udeGM3KTrwTPfyZhRQ3hj.khytdy');
INSERT INTO `Teckmeb`.`User` (`idUser`, `name`, `surname`, `email`, `password`) VALUES (103, 'Indira', 'Castillo', 'Donec@ipsumprimis.ca', '$2y$10$irmnELrrANNtkFIvsE/lUOBl4udeGM3KTrwTPfyZhRQ3hj.khytdy');
INSERT INTO `Teckmeb`.`User` (`idUser`, `name`, `surname`, `email`, `password`) VALUES (104, 'Quentin', 'Copeland', 'risus.a@sagittis.net', '$2y$10$irmnELrrANNtkFIvsE/lUOBl4udeGM3KTrwTPfyZhRQ3hj.khytdy');
INSERT INTO `Teckmeb`.`User` (`idUser`, `name`, `surname`, `email`, `password`) VALUES (105, 'Colin', 'Nash', 'vel@felis.co.uk', '$2y$10$irmnELrrANNtkFIvsE/lUOBl4udeGM3KTrwTPfyZhRQ3hj.khytdy');
INSERT INTO `Teckmeb`.`User` (`idUser`, `name`, `surname`, `email`, `password`) VALUES (106, 'Michelle', 'Mcdowell', 'vulputate@egestasAliquamfringilla.net', '$2y$10$irmnELrrANNtkFIvsE/lUOBl4udeGM3KTrwTPfyZhRQ3hj.khytdy');
INSERT INTO `Teckmeb`.`User` (`idUser`, `name`, `surname`, `email`, `password`) VALUES (107, 'Aladdin', 'Morton', 'sit.amet@cursus.edu', '$2y$10$irmnELrrANNtkFIvsE/lUOBl4udeGM3KTrwTPfyZhRQ3hj.khytdy');
INSERT INTO `Teckmeb`.`User` (`idUser`, `name`, `surname`, `email`, `password`) VALUES (108, 'Jane', 'Good', 'interdum.enim.non@egetlaoreetposuere.com', '$2y$10$irmnELrrANNtkFIvsE/lUOBl4udeGM3KTrwTPfyZhRQ3hj.khytdy');
INSERT INTO `Teckmeb`.`User` (`idUser`, `name`, `surname`, `email`, `password`) VALUES (109, 'Bell', 'Crane', 'Cras.vehicula@mattisornarelectus.org', '$2y$10$irmnELrrANNtkFIvsE/lUOBl4udeGM3KTrwTPfyZhRQ3hj.khytdy');
INSERT INTO `Teckmeb`.`User` (`idUser`, `name`, `surname`, `email`, `password`) VALUES (110, 'Ciaran', 'Petty', 'orci.adipiscing@tempor.co.uk', '$2y$10$irmnELrrANNtkFIvsE/lUOBl4udeGM3KTrwTPfyZhRQ3hj.khytdy');
INSERT INTO `Teckmeb`.`User` (`idUser`, `name`, `surname`, `email`, `password`) VALUES (111, 'Alexander', 'Dean', 'Mauris.eu@pharetrafeliseget.edu', '$2y$10$irmnELrrANNtkFIvsE/lUOBl4udeGM3KTrwTPfyZhRQ3hj.khytdy');
INSERT INTO `Teckmeb`.`User` (`idUser`, `name`, `surname`, `email`, `password`) VALUES (112, 'Maggy', 'Cooley', 'eu@egetmollis.edu', '$2y$10$irmnELrrANNtkFIvsE/lUOBl4udeGM3KTrwTPfyZhRQ3hj.khytdy');
INSERT INTO `Teckmeb`.`User` (`idUser`, `name`, `surname`, `email`, `password`) VALUES (113, 'Quinn', 'Luna', 'tincidunt@Sedeu.edu', '$2y$10$irmnELrrANNtkFIvsE/lUOBl4udeGM3KTrwTPfyZhRQ3hj.khytdy');
INSERT INTO `Teckmeb`.`User` (`idUser`, `name`, `surname`, `email`, `password`) VALUES (114, 'Allistair', 'Kinney', 'varius.ultrices@aliquetmetus.net', '$2y$10$irmnELrrANNtkFIvsE/lUOBl4udeGM3KTrwTPfyZhRQ3hj.khytdy');
INSERT INTO `Teckmeb`.`User` (`idUser`, `name`, `surname`, `email`, `password`) VALUES (115, 'Thaddeus', 'Bennett', 'In.mi.pede@luctus.co.uk', '$2y$10$irmnELrrANNtkFIvsE/lUOBl4udeGM3KTrwTPfyZhRQ3hj.khytdy');
INSERT INTO `Teckmeb`.`User` (`idUser`, `name`, `surname`, `email`, `password`) VALUES (116, 'Carl', 'Giles', 'Cras@Nullamvelitdui.edu', '$2y$10$irmnELrrANNtkFIvsE/lUOBl4udeGM3KTrwTPfyZhRQ3hj.khytdy');
INSERT INTO `Teckmeb`.`User` (`idUser`, `name`, `surname`, `email`, `password`) VALUES (117, 'Harlan', 'Mayer', 'fermentum@magnaet.co.uk', '$2y$10$irmnELrrANNtkFIvsE/lUOBl4udeGM3KTrwTPfyZhRQ3hj.khytdy');
INSERT INTO `Teckmeb`.`User` (`idUser`, `name`, `surname`, `email`, `password`) VALUES (118, 'Allistair', 'Sparks', 'nascetur.ridiculus@metus.org', '$2y$10$irmnELrrANNtkFIvsE/lUOBl4udeGM3KTrwTPfyZhRQ3hj.khytdy');
INSERT INTO `Teckmeb`.`User` (`idUser`, `name`, `surname`, `email`, `password`) VALUES (119, 'Lesley', 'Berg', 'dolor.tempus@maurisblandit.edu', '$2y$10$irmnELrrANNtkFIvsE/lUOBl4udeGM3KTrwTPfyZhRQ3hj.khytdy');
INSERT INTO `Teckmeb`.`User` (`idUser`, `name`, `surname`, `email`, `password`) VALUES (120, 'Kane', 'Jarvis', 'ullamcorper@Nulla.edu', '$2y$10$irmnELrrANNtkFIvsE/lUOBl4udeGM3KTrwTPfyZhRQ3hj.khytdy');
INSERT INTO `Teckmeb`.`User` (`idUser`, `name`, `surname`, `email`, `password`) VALUES (121, 'secretariat', 'iutinfo', 'secretariat@fr', '$2y$10$irmnELrrANNtkFIvsE/lUOBl4udeGM3KTrwTPfyZhRQ3hj.khytdy');

COMMIT;


-- -----------------------------------------------------
-- Data for table `Teckmeb`.`Student`
-- -----------------------------------------------------
START TRANSACTION;
USE `Teckmeb`;
INSERT INTO `Teckmeb`.`Student` (`idStudent`, `idUser`) VALUES ('p0000001', 1);
INSERT INTO `Teckmeb`.`Student` (`idStudent`, `idUser`) VALUES ('p0000002', 2);
INSERT INTO `Teckmeb`.`Student` (`idStudent`, `idUser`) VALUES ('p0000003', 3);
INSERT INTO `Teckmeb`.`Student` (`idStudent`, `idUser`) VALUES ('p0000004', 4);
INSERT INTO `Teckmeb`.`Student` (`idStudent`, `idUser`) VALUES ('p0000005', 5);
INSERT INTO `Teckmeb`.`Student` (`idStudent`, `idUser`) VALUES ('p0000006', 6);
INSERT INTO `Teckmeb`.`Student` (`idStudent`, `idUser`) VALUES ('p0000007', 7);
INSERT INTO `Teckmeb`.`Student` (`idStudent`, `idUser`) VALUES ('p0000008', 8);
INSERT INTO `Teckmeb`.`Student` (`idStudent`, `idUser`) VALUES ('p0000009', 9);
INSERT INTO `Teckmeb`.`Student` (`idStudent`, `idUser`) VALUES ('p0000010', 10);
INSERT INTO `Teckmeb`.`Student` (`idStudent`, `idUser`) VALUES ('p0000011', 11);
INSERT INTO `Teckmeb`.`Student` (`idStudent`, `idUser`) VALUES ('p0000012', 12);
INSERT INTO `Teckmeb`.`Student` (`idStudent`, `idUser`) VALUES ('p0000013', 13);
INSERT INTO `Teckmeb`.`Student` (`idStudent`, `idUser`) VALUES ('p0000014', 14);
INSERT INTO `Teckmeb`.`Student` (`idStudent`, `idUser`) VALUES ('p0000015', 15);
INSERT INTO `Teckmeb`.`Student` (`idStudent`, `idUser`) VALUES ('p0000016', 16);
INSERT INTO `Teckmeb`.`Student` (`idStudent`, `idUser`) VALUES ('p0000017', 17);
INSERT INTO `Teckmeb`.`Student` (`idStudent`, `idUser`) VALUES ('p0000018', 18);
INSERT INTO `Teckmeb`.`Student` (`idStudent`, `idUser`) VALUES ('p0000019', 19);
INSERT INTO `Teckmeb`.`Student` (`idStudent`, `idUser`) VALUES ('p0000020', 20);
INSERT INTO `Teckmeb`.`Student` (`idStudent`, `idUser`) VALUES ('p0000021', 21);
INSERT INTO `Teckmeb`.`Student` (`idStudent`, `idUser`) VALUES ('p0000022', 22);
INSERT INTO `Teckmeb`.`Student` (`idStudent`, `idUser`) VALUES ('p0000023', 23);
INSERT INTO `Teckmeb`.`Student` (`idStudent`, `idUser`) VALUES ('p0000024', 24);
INSERT INTO `Teckmeb`.`Student` (`idStudent`, `idUser`) VALUES ('p0000025', 25);
INSERT INTO `Teckmeb`.`Student` (`idStudent`, `idUser`) VALUES ('p0000026', 26);
INSERT INTO `Teckmeb`.`Student` (`idStudent`, `idUser`) VALUES ('p0000027', 27);
INSERT INTO `Teckmeb`.`Student` (`idStudent`, `idUser`) VALUES ('p0000028', 28);
INSERT INTO `Teckmeb`.`Student` (`idStudent`, `idUser`) VALUES ('p0000029', 29);
INSERT INTO `Teckmeb`.`Student` (`idStudent`, `idUser`) VALUES ('p0000030', 30);
INSERT INTO `Teckmeb`.`Student` (`idStudent`, `idUser`) VALUES ('p0000031', 31);
INSERT INTO `Teckmeb`.`Student` (`idStudent`, `idUser`) VALUES ('p0000032', 32);
INSERT INTO `Teckmeb`.`Student` (`idStudent`, `idUser`) VALUES ('p0000033', 33);
INSERT INTO `Teckmeb`.`Student` (`idStudent`, `idUser`) VALUES ('p0000034', 34);
INSERT INTO `Teckmeb`.`Student` (`idStudent`, `idUser`) VALUES ('p0000035', 35);
INSERT INTO `Teckmeb`.`Student` (`idStudent`, `idUser`) VALUES ('p0000036', 36);
INSERT INTO `Teckmeb`.`Student` (`idStudent`, `idUser`) VALUES ('p0000037', 37);
INSERT INTO `Teckmeb`.`Student` (`idStudent`, `idUser`) VALUES ('p0000038', 38);
INSERT INTO `Teckmeb`.`Student` (`idStudent`, `idUser`) VALUES ('p0000039', 39);
INSERT INTO `Teckmeb`.`Student` (`idStudent`, `idUser`) VALUES ('p0000040', 40);
INSERT INTO `Teckmeb`.`Student` (`idStudent`, `idUser`) VALUES ('p0000041', 41);
INSERT INTO `Teckmeb`.`Student` (`idStudent`, `idUser`) VALUES ('p0000042', 42);
INSERT INTO `Teckmeb`.`Student` (`idStudent`, `idUser`) VALUES ('p0000043', 43);
INSERT INTO `Teckmeb`.`Student` (`idStudent`, `idUser`) VALUES ('p0000044', 44);
INSERT INTO `Teckmeb`.`Student` (`idStudent`, `idUser`) VALUES ('p0000045', 45);
INSERT INTO `Teckmeb`.`Student` (`idStudent`, `idUser`) VALUES ('p0000046', 46);
INSERT INTO `Teckmeb`.`Student` (`idStudent`, `idUser`) VALUES ('p0000047', 47);
INSERT INTO `Teckmeb`.`Student` (`idStudent`, `idUser`) VALUES ('p0000048', 48);
INSERT INTO `Teckmeb`.`Student` (`idStudent`, `idUser`) VALUES ('p0000049', 49);
INSERT INTO `Teckmeb`.`Student` (`idStudent`, `idUser`) VALUES ('p0000050', 50);
INSERT INTO `Teckmeb`.`Student` (`idStudent`, `idUser`) VALUES ('p0000051', 51);
INSERT INTO `Teckmeb`.`Student` (`idStudent`, `idUser`) VALUES ('p0000052', 52);
INSERT INTO `Teckmeb`.`Student` (`idStudent`, `idUser`) VALUES ('p0000053', 53);
INSERT INTO `Teckmeb`.`Student` (`idStudent`, `idUser`) VALUES ('p0000054', 54);
INSERT INTO `Teckmeb`.`Student` (`idStudent`, `idUser`) VALUES ('p0000055', 55);
INSERT INTO `Teckmeb`.`Student` (`idStudent`, `idUser`) VALUES ('p0000056', 56);
INSERT INTO `Teckmeb`.`Student` (`idStudent`, `idUser`) VALUES ('p0000057', 57);
INSERT INTO `Teckmeb`.`Student` (`idStudent`, `idUser`) VALUES ('p0000058', 58);
INSERT INTO `Teckmeb`.`Student` (`idStudent`, `idUser`) VALUES ('p0000059', 59);
INSERT INTO `Teckmeb`.`Student` (`idStudent`, `idUser`) VALUES ('p0000060', 60);
INSERT INTO `Teckmeb`.`Student` (`idStudent`, `idUser`) VALUES ('p0000061', 61);
INSERT INTO `Teckmeb`.`Student` (`idStudent`, `idUser`) VALUES ('p0000062', 62);
INSERT INTO `Teckmeb`.`Student` (`idStudent`, `idUser`) VALUES ('p0000063', 63);
INSERT INTO `Teckmeb`.`Student` (`idStudent`, `idUser`) VALUES ('p0000064', 64);
INSERT INTO `Teckmeb`.`Student` (`idStudent`, `idUser`) VALUES ('p0000065', 65);
INSERT INTO `Teckmeb`.`Student` (`idStudent`, `idUser`) VALUES ('p0000066', 66);
INSERT INTO `Teckmeb`.`Student` (`idStudent`, `idUser`) VALUES ('p0000067', 67);
INSERT INTO `Teckmeb`.`Student` (`idStudent`, `idUser`) VALUES ('p0000068', 68);
INSERT INTO `Teckmeb`.`Student` (`idStudent`, `idUser`) VALUES ('p0000069', 69);
INSERT INTO `Teckmeb`.`Student` (`idStudent`, `idUser`) VALUES ('p0000070', 70);
INSERT INTO `Teckmeb`.`Student` (`idStudent`, `idUser`) VALUES ('p0000071', 71);
INSERT INTO `Teckmeb`.`Student` (`idStudent`, `idUser`) VALUES ('p0000072', 72);
INSERT INTO `Teckmeb`.`Student` (`idStudent`, `idUser`) VALUES ('p0000073', 73);
INSERT INTO `Teckmeb`.`Student` (`idStudent`, `idUser`) VALUES ('p0000074', 74);
INSERT INTO `Teckmeb`.`Student` (`idStudent`, `idUser`) VALUES ('p0000075', 75);
INSERT INTO `Teckmeb`.`Student` (`idStudent`, `idUser`) VALUES ('p0000076', 76);
INSERT INTO `Teckmeb`.`Student` (`idStudent`, `idUser`) VALUES ('p0000077', 77);
INSERT INTO `Teckmeb`.`Student` (`idStudent`, `idUser`) VALUES ('p0000078', 78);
INSERT INTO `Teckmeb`.`Student` (`idStudent`, `idUser`) VALUES ('p0000079', 79);
INSERT INTO `Teckmeb`.`Student` (`idStudent`, `idUser`) VALUES ('p0000080', 80);
INSERT INTO `Teckmeb`.`Student` (`idStudent`, `idUser`) VALUES ('p0000081', 81);
INSERT INTO `Teckmeb`.`Student` (`idStudent`, `idUser`) VALUES ('p0000082', 82);
INSERT INTO `Teckmeb`.`Student` (`idStudent`, `idUser`) VALUES ('p0000083', 83);
INSERT INTO `Teckmeb`.`Student` (`idStudent`, `idUser`) VALUES ('p0000084', 84);
INSERT INTO `Teckmeb`.`Student` (`idStudent`, `idUser`) VALUES ('p0000085', 85);
INSERT INTO `Teckmeb`.`Student` (`idStudent`, `idUser`) VALUES ('p0000086', 86);
INSERT INTO `Teckmeb`.`Student` (`idStudent`, `idUser`) VALUES ('p0000087', 87);
INSERT INTO `Teckmeb`.`Student` (`idStudent`, `idUser`) VALUES ('p0000088', 88);
INSERT INTO `Teckmeb`.`Student` (`idStudent`, `idUser`) VALUES ('p0000089', 89);
INSERT INTO `Teckmeb`.`Student` (`idStudent`, `idUser`) VALUES ('p0000090', 90);
INSERT INTO `Teckmeb`.`Student` (`idStudent`, `idUser`) VALUES ('p0000091', 91);
INSERT INTO `Teckmeb`.`Student` (`idStudent`, `idUser`) VALUES ('p0000092', 92);
INSERT INTO `Teckmeb`.`Student` (`idStudent`, `idUser`) VALUES ('p0000093', 93);
INSERT INTO `Teckmeb`.`Student` (`idStudent`, `idUser`) VALUES ('p0000094', 94);
INSERT INTO `Teckmeb`.`Student` (`idStudent`, `idUser`) VALUES ('p0000095', 95);
INSERT INTO `Teckmeb`.`Student` (`idStudent`, `idUser`) VALUES ('p0000096', 96);
INSERT INTO `Teckmeb`.`Student` (`idStudent`, `idUser`) VALUES ('p0000097', 97);
INSERT INTO `Teckmeb`.`Student` (`idStudent`, `idUser`) VALUES ('p0000098', 98);
INSERT INTO `Teckmeb`.`Student` (`idStudent`, `idUser`) VALUES ('p0000099', 99);
INSERT INTO `Teckmeb`.`Student` (`idStudent`, `idUser`) VALUES ('p0000100', 100);

COMMIT;


-- -----------------------------------------------------
-- Data for table `Teckmeb`.`AbsenceType`
-- -----------------------------------------------------
START TRANSACTION;
USE `Teckmeb`;
INSERT INTO `Teckmeb`.`AbsenceType` (`idAbsenceType`, `absenceTypeName`) VALUES (1, 'Absence');
INSERT INTO `Teckmeb`.`AbsenceType` (`idAbsenceType`, `absenceTypeName`) VALUES (2, 'Retard');
INSERT INTO `Teckmeb`.`AbsenceType` (`idAbsenceType`, `absenceTypeName`) VALUES (3, 'Contrle');
INSERT INTO `Teckmeb`.`AbsenceType` (`idAbsenceType`, `absenceTypeName`) VALUES (4, 'Infirmerie');

COMMIT;


-- -----------------------------------------------------
-- Data for table `Teckmeb`.`Course`
-- -----------------------------------------------------
START TRANSACTION;
USE `Teckmeb`;
INSERT INTO `Teckmeb`.`Course` (`idCourse`, `courseType`, `creationYear`) VALUES (1, 'S1', 2013);
INSERT INTO `Teckmeb`.`Course` (`idCourse`, `courseType`, `creationYear`) VALUES (2, 'S2', 2013);
INSERT INTO `Teckmeb`.`Course` (`idCourse`, `courseType`, `creationYear`) VALUES (3, 'S3', 2013);
INSERT INTO `Teckmeb`.`Course` (`idCourse`, `courseType`, `creationYear`) VALUES (4, 'S4', 2013);

COMMIT;


-- -----------------------------------------------------
-- Data for table `Teckmeb`.`Semester`
-- -----------------------------------------------------
START TRANSACTION;
USE `Teckmeb`;
INSERT INTO `Teckmeb`.`Semester` (`idSemester`, `idCourse`, `schoolYear`, `delayed`, `active`) VALUES (1, 1, 2017, 0, 1);
INSERT INTO `Teckmeb`.`Semester` (`idSemester`, `idCourse`, `schoolYear`, `delayed`, `active`) VALUES (2, 2, 2017, 1, 1);
INSERT INTO `Teckmeb`.`Semester` (`idSemester`, `idCourse`, `schoolYear`, `delayed`, `active`) VALUES (3, 3, 2017, 0, 1);
INSERT INTO `Teckmeb`.`Semester` (`idSemester`, `idCourse`, `schoolYear`, `delayed`, `active`) VALUES (4, 4, 2017, 1, 1);

COMMIT;


-- -----------------------------------------------------
-- Data for table `Teckmeb`.`Group`
-- -----------------------------------------------------
START TRANSACTION;
USE `Teckmeb`;
INSERT INTO `Teckmeb`.`Group` (`idGroup`, `groupName`, `idSemester`) VALUES (1, 'G1', 1);
INSERT INTO `Teckmeb`.`Group` (`idGroup`, `groupName`, `idSemester`) VALUES (2, 'G2', 1);
INSERT INTO `Teckmeb`.`Group` (`idGroup`, `groupName`, `idSemester`) VALUES (3, 'G3', 1);
INSERT INTO `Teckmeb`.`Group` (`idGroup`, `groupName`, `idSemester`) VALUES (4, 'G4', 1);
INSERT INTO `Teckmeb`.`Group` (`idGroup`, `groupName`, `idSemester`) VALUES (5, 'G5', 1);
INSERT INTO `Teckmeb`.`Group` (`idGroup`, `groupName`, `idSemester`) VALUES (6, 'G6', 2);
INSERT INTO `Teckmeb`.`Group` (`idGroup`, `groupName`, `idSemester`) VALUES (7, 'G1', 3);
INSERT INTO `Teckmeb`.`Group` (`idGroup`, `groupName`, `idSemester`) VALUES (8, 'G2', 3);
INSERT INTO `Teckmeb`.`Group` (`idGroup`, `groupName`, `idSemester`) VALUES (9, 'G3', 3);
INSERT INTO `Teckmeb`.`Group` (`idGroup`, `groupName`, `idSemester`) VALUES (10, 'G4', 3);
INSERT INTO `Teckmeb`.`Group` (`idGroup`, `groupName`, `idSemester`) VALUES (11, 'G6', 4);

COMMIT;


-- -----------------------------------------------------
-- Data for table `Teckmeb`.`TeachingUnit`
-- -----------------------------------------------------
START TRANSACTION;
USE `Teckmeb`;
INSERT INTO `Teckmeb`.`TeachingUnit` (`idTeachingUnit`, `teachingUnitCode`, `teachingUnitName`, `creationYear`) VALUES (1, 'UE11', 'Bases de linformatique', 2013);
INSERT INTO `Teckmeb`.`TeachingUnit` (`idTeachingUnit`, `teachingUnitCode`, `teachingUnitName`, `creationYear`) VALUES (2, 'UE12', 'Bases de culture scientifique, sociale et humaine', 2013);
INSERT INTO `Teckmeb`.`TeachingUnit` (`idTeachingUnit`, `teachingUnitCode`, `teachingUnitName`, `creationYear`) VALUES (3, 'UE21', 'Approfondissements en informatique', 2013);
INSERT INTO `Teckmeb`.`TeachingUnit` (`idTeachingUnit`, `teachingUnitCode`, `teachingUnitName`, `creationYear`) VALUES (4, 'UE22', 'Approfondissements en culture scientifique, sociale et humaine', 2013);
INSERT INTO `Teckmeb`.`TeachingUnit` (`idTeachingUnit`, `teachingUnitCode`, `teachingUnitName`, `creationYear`) VALUES (5, 'UE31', 'Informatique avance', 2013);
INSERT INTO `Teckmeb`.`TeachingUnit` (`idTeachingUnit`, `teachingUnitCode`, `teachingUnitName`, `creationYear`) VALUES (6, 'UE32', 'Culture scientifique, sociale et humaine avances', 2013);
INSERT INTO `Teckmeb`.`TeachingUnit` (`idTeachingUnit`, `teachingUnitCode`, `teachingUnitName`, `creationYear`) VALUES (7, 'UE33', 'Mthodologie et Projets', 2013);
INSERT INTO `Teckmeb`.`TeachingUnit` (`idTeachingUnit`, `teachingUnitCode`, `teachingUnitName`, `creationYear`) VALUES (8, 'UE41', 'Complments dinformatique', 2013);
INSERT INTO `Teckmeb`.`TeachingUnit` (`idTeachingUnit`, `teachingUnitCode`, `teachingUnitName`, `creationYear`) VALUES (9, 'UE42', 'Complments de culture', 2013);
INSERT INTO `Teckmeb`.`TeachingUnit` (`idTeachingUnit`, `teachingUnitCode`, `teachingUnitName`, `creationYear`) VALUES (10, 'UE43', 'Mise en situation professionnelle', 2013);

COMMIT;


-- -----------------------------------------------------
-- Data for table `Teckmeb`.`Module`
-- -----------------------------------------------------
START TRANSACTION;
USE `Teckmeb`;
INSERT INTO `Teckmeb`.`Module` (`idModule`, `moduleCode`, `moduleName`) VALUES (1, 'M1101', 'Introduction aux systmes informatiques');
INSERT INTO `Teckmeb`.`Module` (`idModule`, `moduleCode`, `moduleName`) VALUES (2, 'M1102', 'Introduction  l\'algorithmique et  la programmation');
INSERT INTO `Teckmeb`.`Module` (`idModule`, `moduleCode`, `moduleName`) VALUES (3, 'M1103', 'Structures de donnes et algorithmes fondamentaux');
INSERT INTO `Teckmeb`.`Module` (`idModule`, `moduleCode`, `moduleName`) VALUES (4, 'M1104', 'Introduction aux bases de donnes');
INSERT INTO `Teckmeb`.`Module` (`idModule`, `moduleCode`, `moduleName`) VALUES (5, 'M1105', 'Conception de documents et d\'interfaces numriques');
INSERT INTO `Teckmeb`.`Module` (`idModule`, `moduleCode`, `moduleName`) VALUES (6, 'M1106', 'Projet tutor  Dcouverte');
INSERT INTO `Teckmeb`.`Module` (`idModule`, `moduleCode`, `moduleName`) VALUES (7, 'M1201', 'Mathmatiques discrtes');
INSERT INTO `Teckmeb`.`Module` (`idModule`, `moduleCode`, `moduleName`) VALUES (8, 'M1202', 'Algbre linaire');
INSERT INTO `Teckmeb`.`Module` (`idModule`, `moduleCode`, `moduleName`) VALUES (9, 'M1203', 'Environnement conomique');
INSERT INTO `Teckmeb`.`Module` (`idModule`, `moduleCode`, `moduleName`) VALUES (10, 'M1204', 'Fonctionnement des organisations');
INSERT INTO `Teckmeb`.`Module` (`idModule`, `moduleCode`, `moduleName`) VALUES (11, 'M1205', 'Expression-Communication  Fondamentaux de la communication');
INSERT INTO `Teckmeb`.`Module` (`idModule`, `moduleCode`, `moduleName`) VALUES (12, 'M1206', 'Anglais et Informatique');
INSERT INTO `Teckmeb`.`Module` (`idModule`, `moduleCode`, `moduleName`) VALUES (13, 'M1207', 'PPP - Connatre le monde professionnel');
INSERT INTO `Teckmeb`.`Module` (`idModule`, `moduleCode`, `moduleName`) VALUES (14, 'M2101', 'Architecture et programmation des mcanismes de base d\'un systme informatique');
INSERT INTO `Teckmeb`.`Module` (`idModule`, `moduleCode`, `moduleName`) VALUES (15, 'M2102', 'Architecture des rseaux');
INSERT INTO `Teckmeb`.`Module` (`idModule`, `moduleCode`, `moduleName`) VALUES (16, 'M2103', 'Bases de la programmation oriente objet');
INSERT INTO `Teckmeb`.`Module` (`idModule`, `moduleCode`, `moduleName`) VALUES (17, 'M2104', 'Bases de la conception oriente objet');
INSERT INTO `Teckmeb`.`Module` (`idModule`, `moduleCode`, `moduleName`) VALUES (18, 'M2105', 'Introduction aux interfaces homme-machine (IHM)');
INSERT INTO `Teckmeb`.`Module` (`idModule`, `moduleCode`, `moduleName`) VALUES (19, 'M2106', 'Programmation et administration des bases de donnes');
INSERT INTO `Teckmeb`.`Module` (`idModule`, `moduleCode`, `moduleName`) VALUES (20, 'M2107', 'Projet tutor  Description et planification de projet');
INSERT INTO `Teckmeb`.`Module` (`idModule`, `moduleCode`, `moduleName`) VALUES (21, 'M2201', 'Graphes et langages');
INSERT INTO `Teckmeb`.`Module` (`idModule`, `moduleCode`, `moduleName`) VALUES (22, 'M2202', 'Analyse et mthodes numriques');
INSERT INTO `Teckmeb`.`Module` (`idModule`, `moduleCode`, `moduleName`) VALUES (23, 'M2203', 'Environnement comptable, financier, juridique et social');
INSERT INTO `Teckmeb`.`Module` (`idModule`, `moduleCode`, `moduleName`) VALUES (24, 'M2204', 'Gestion de projet informatique');
INSERT INTO `Teckmeb`.`Module` (`idModule`, `moduleCode`, `moduleName`) VALUES (25, 'M2205', 'Expression-Communication  Communication, information et argumentation');
INSERT INTO `Teckmeb`.`Module` (`idModule`, `moduleCode`, `moduleName`) VALUES (26, 'M2206', 'Communiquer en anglais');
INSERT INTO `Teckmeb`.`Module` (`idModule`, `moduleCode`, `moduleName`) VALUES (27, 'M2207', 'PPP  Identifier ses comptences');
INSERT INTO `Teckmeb`.`Module` (`idModule`, `moduleCode`, `moduleName`) VALUES (28, 'M3101', 'Principes des systmes d\'exploitation');
INSERT INTO `Teckmeb`.`Module` (`idModule`, `moduleCode`, `moduleName`) VALUES (29, 'M3102', 'Services rseaux');
INSERT INTO `Teckmeb`.`Module` (`idModule`, `moduleCode`, `moduleName`) VALUES (30, 'M3103', 'Algorithmique avance');
INSERT INTO `Teckmeb`.`Module` (`idModule`, `moduleCode`, `moduleName`) VALUES (31, 'M3104', 'Programmation Web ct serveur');
INSERT INTO `Teckmeb`.`Module` (`idModule`, `moduleCode`, `moduleName`) VALUES (32, 'M3105', 'Conception et programmation objet avances');
INSERT INTO `Teckmeb`.`Module` (`idModule`, `moduleCode`, `moduleName`) VALUES (33, 'M3106C', 'Bases de donnes avances');
INSERT INTO `Teckmeb`.`Module` (`idModule`, `moduleCode`, `moduleName`) VALUES (34, 'M3201', 'Probabilits et statistiques');
INSERT INTO `Teckmeb`.`Module` (`idModule`, `moduleCode`, `moduleName`) VALUES (35, 'M3202C', 'Modlisations mathmatiques');
INSERT INTO `Teckmeb`.`Module` (`idModule`, `moduleCode`, `moduleName`) VALUES (36, 'M3203', 'Droit des technologies de linformation et de la communication (TIC)');
INSERT INTO `Teckmeb`.`Module` (`idModule`, `moduleCode`, `moduleName`) VALUES (37, 'M3204', 'Gestion des systmes d\'information');
INSERT INTO `Teckmeb`.`Module` (`idModule`, `moduleCode`, `moduleName`) VALUES (38, 'M3205', 'Expression-Communication  Communication professionnelle');
INSERT INTO `Teckmeb`.`Module` (`idModule`, `moduleCode`, `moduleName`) VALUES (39, 'M3206', 'Collaborer en anglais');
INSERT INTO `Teckmeb`.`Module` (`idModule`, `moduleCode`, `moduleName`) VALUES (40, 'M3301', 'Mthodologie de la production dapplications');
INSERT INTO `Teckmeb`.`Module` (`idModule`, `moduleCode`, `moduleName`) VALUES (41, 'M3302', 'Projet tutor  Mise en situation professionnelle');
INSERT INTO `Teckmeb`.`Module` (`idModule`, `moduleCode`, `moduleName`) VALUES (42, 'M3303', 'PPP  Prciser son projet');
INSERT INTO `Teckmeb`.`Module` (`idModule`, `moduleCode`, `moduleName`) VALUES (43, 'M4101C', 'Administration systme et rseau');
INSERT INTO `Teckmeb`.`Module` (`idModule`, `moduleCode`, `moduleName`) VALUES (44, 'M4102C', 'Programmation rpartie');
INSERT INTO `Teckmeb`.`Module` (`idModule`, `moduleCode`, `moduleName`) VALUES (45, 'M4103C', 'Programmation Web  client riche');
INSERT INTO `Teckmeb`.`Module` (`idModule`, `moduleCode`, `moduleName`) VALUES (46, 'M4104C', 'Conception et dveloppement dapplications mobiles');
INSERT INTO `Teckmeb`.`Module` (`idModule`, `moduleCode`, `moduleName`) VALUES (47, 'M4105C', 'Complments dinformatique en vue dune insertion immdiate');
INSERT INTO `Teckmeb`.`Module` (`idModule`, `moduleCode`, `moduleName`) VALUES (48, 'M4106', 'Projet tutor  Complments');
INSERT INTO `Teckmeb`.`Module` (`idModule`, `moduleCode`, `moduleName`) VALUES (49, 'M4201C', 'Ateliers de cration d\'entreprise');
INSERT INTO `Teckmeb`.`Module` (`idModule`, `moduleCode`, `moduleName`) VALUES (50, 'M4202C', 'Recherche oprationnelle et aide  la dcision');
INSERT INTO `Teckmeb`.`Module` (`idModule`, `moduleCode`, `moduleName`) VALUES (51, 'M4203', 'Expression-communication  Communiquer dans les organisations');
INSERT INTO `Teckmeb`.`Module` (`idModule`, `moduleCode`, `moduleName`) VALUES (52, 'M4204', 'Travailler en anglais');
INSERT INTO `Teckmeb`.`Module` (`idModule`, `moduleCode`, `moduleName`) VALUES (53, 'M4301', 'Stage professionnel');

COMMIT;


-- -----------------------------------------------------
-- Data for table `Teckmeb`.`Subject`
-- -----------------------------------------------------
START TRANSACTION;
USE `Teckmeb`;
INSERT INTO `Teckmeb`.`Subject` (`idSubject`, `subjectCode`, `subjectName`, `subjectCoefficient`) VALUES (1, 'M1101-1', 'Architecture', 1.5);
INSERT INTO `Teckmeb`.`Subject` (`idSubject`, `subjectCode`, `subjectName`, `subjectCoefficient`) VALUES (2, 'M1101-2', 'Initiation Windows', 1);
INSERT INTO `Teckmeb`.`Subject` (`idSubject`, `subjectCode`, `subjectName`, `subjectCoefficient`) VALUES (3, 'M1101-3', 'Initiation Linux', 1);
INSERT INTO `Teckmeb`.`Subject` (`idSubject`, `subjectCode`, `subjectName`, `subjectCoefficient`) VALUES (4, 'M1102-1', 'Algorithmique 1', 1.7);
INSERT INTO `Teckmeb`.`Subject` (`idSubject`, `subjectCode`, `subjectName`, `subjectCoefficient`) VALUES (5, 'M1102-2', 'C Introduction', 1.8);
INSERT INTO `Teckmeb`.`Subject` (`idSubject`, `subjectCode`, `subjectName`, `subjectCoefficient`) VALUES (6, 'M1103-1', 'Algorithmique 2', 1.2);
INSERT INTO `Teckmeb`.`Subject` (`idSubject`, `subjectCode`, `subjectName`, `subjectCoefficient`) VALUES (7, 'M1103-2', 'C Avanc', 1.3);
INSERT INTO `Teckmeb`.`Subject` (`idSubject`, `subjectCode`, `subjectName`, `subjectCoefficient`) VALUES (8, 'M1104-1', 'MDD', 1.7);
INSERT INTO `Teckmeb`.`Subject` (`idSubject`, `subjectCode`, `subjectName`, `subjectCoefficient`) VALUES (9, 'M1104-2', 'SQL', 1.8);
INSERT INTO `Teckmeb`.`Subject` (`idSubject`, `subjectCode`, `subjectName`, `subjectCoefficient`) VALUES (10, 'M1105-1', 'Web', 1.7);
INSERT INTO `Teckmeb`.`Subject` (`idSubject`, `subjectCode`, `subjectName`, `subjectCoefficient`) VALUES (11, 'M1105-2', 'Documents numriques', 0.8);
INSERT INTO `Teckmeb`.`Subject` (`idSubject`, `subjectCode`, `subjectName`, `subjectCoefficient`) VALUES (12, 'M1106', '', 1.5);
INSERT INTO `Teckmeb`.`Subject` (`idSubject`, `subjectCode`, `subjectName`, `subjectCoefficient`) VALUES (13, 'M1201', '', 2.5);
INSERT INTO `Teckmeb`.`Subject` (`idSubject`, `subjectCode`, `subjectName`, `subjectCoefficient`) VALUES (14, 'M1202', '', 2);
INSERT INTO `Teckmeb`.`Subject` (`idSubject`, `subjectCode`, `subjectName`, `subjectCoefficient`) VALUES (15, 'M1203', '', 1.5);
INSERT INTO `Teckmeb`.`Subject` (`idSubject`, `subjectCode`, `subjectName`, `subjectCoefficient`) VALUES (16, 'M1204', '', 2.5);
INSERT INTO `Teckmeb`.`Subject` (`idSubject`, `subjectCode`, `subjectName`, `subjectCoefficient`) VALUES (17, 'M1205', '', 2);
INSERT INTO `Teckmeb`.`Subject` (`idSubject`, `subjectCode`, `subjectName`, `subjectCoefficient`) VALUES (18, 'M1206', '', 1.5);
INSERT INTO `Teckmeb`.`Subject` (`idSubject`, `subjectCode`, `subjectName`, `subjectCoefficient`) VALUES (19, 'M1207', '', 1);
INSERT INTO `Teckmeb`.`Subject` (`idSubject`, `subjectCode`, `subjectName`, `subjectCoefficient`) VALUES (20, 'M2101', '', 1.50);
INSERT INTO `Teckmeb`.`Subject` (`idSubject`, `subjectCode`, `subjectName`, `subjectCoefficient`) VALUES (21, 'M2102', '', 1.50);
INSERT INTO `Teckmeb`.`Subject` (`idSubject`, `subjectCode`, `subjectName`, `subjectCoefficient`) VALUES (22, 'M2103-1', 'SDD', 1.00);
INSERT INTO `Teckmeb`.`Subject` (`idSubject`, `subjectCode`, `subjectName`, `subjectCoefficient`) VALUES (23, 'M2103-2', 'Java', 2.50);
INSERT INTO `Teckmeb`.`Subject` (`idSubject`, `subjectCode`, `subjectName`, `subjectCoefficient`) VALUES (24, 'M2104-1', 'Cycle de vie du dveloppement d\'application', 1.25);
INSERT INTO `Teckmeb`.`Subject` (`idSubject`, `subjectCode`, `subjectName`, `subjectCoefficient`) VALUES (25, 'M2104-2', 'UML', 1.25);
INSERT INTO `Teckmeb`.`Subject` (`idSubject`, `subjectCode`, `subjectName`, `subjectCoefficient`) VALUES (26, 'M2105-1', 'Ergonomie', 1.00);
INSERT INTO `Teckmeb`.`Subject` (`idSubject`, `subjectCode`, `subjectName`, `subjectCoefficient`) VALUES (27, 'M2105-2', 'Programmation d\'IHM', 1.50);
INSERT INTO `Teckmeb`.`Subject` (`idSubject`, `subjectCode`, `subjectName`, `subjectCoefficient`) VALUES (28, 'M2106', '', 2.50);
INSERT INTO `Teckmeb`.`Subject` (`idSubject`, `subjectCode`, `subjectName`, `subjectCoefficient`) VALUES (29, 'M2107', '', 2.00);
INSERT INTO `Teckmeb`.`Subject` (`idSubject`, `subjectCode`, `subjectName`, `subjectCoefficient`) VALUES (30, 'M2201', '', 2.50);
INSERT INTO `Teckmeb`.`Subject` (`idSubject`, `subjectCode`, `subjectName`, `subjectCoefficient`) VALUES (31, 'M2202', '', 2.00);
INSERT INTO `Teckmeb`.`Subject` (`idSubject`, `subjectCode`, `subjectName`, `subjectCoefficient`) VALUES (32, 'M2203', '', 3.00);
INSERT INTO `Teckmeb`.`Subject` (`idSubject`, `subjectCode`, `subjectName`, `subjectCoefficient`) VALUES (33, 'M2204-1', 'Environnement juridique', 0.75);
INSERT INTO `Teckmeb`.`Subject` (`idSubject`, `subjectCode`, `subjectName`, `subjectCoefficient`) VALUES (34, 'M2204-2', 'Gestion de projet informatique', 0.75);
INSERT INTO `Teckmeb`.`Subject` (`idSubject`, `subjectCode`, `subjectName`, `subjectCoefficient`) VALUES (35, 'M2205', '', 1.50);
INSERT INTO `Teckmeb`.`Subject` (`idSubject`, `subjectCode`, `subjectName`, `subjectCoefficient`) VALUES (36, 'M2206', '', 2.50);
INSERT INTO `Teckmeb`.`Subject` (`idSubject`, `subjectCode`, `subjectName`, `subjectCoefficient`) VALUES (37, 'M2207', '', 1.00);
INSERT INTO `Teckmeb`.`Subject` (`idSubject`, `subjectCode`, `subjectName`, `subjectCoefficient`) VALUES (38, 'M3101-1', 'Cours', 1.50);
INSERT INTO `Teckmeb`.`Subject` (`idSubject`, `subjectCode`, `subjectName`, `subjectCoefficient`) VALUES (39, 'M3101-2', 'TP', 1.00);
INSERT INTO `Teckmeb`.`Subject` (`idSubject`, `subjectCode`, `subjectName`, `subjectCoefficient`) VALUES (40, 'M3102', '', 1.50);
INSERT INTO `Teckmeb`.`Subject` (`idSubject`, `subjectCode`, `subjectName`, `subjectCoefficient`) VALUES (41, 'M3103', '', 1.50);
INSERT INTO `Teckmeb`.`Subject` (`idSubject`, `subjectCode`, `subjectName`, `subjectCoefficient`) VALUES (42, 'M3104-1', 'PHP', 1.50);
INSERT INTO `Teckmeb`.`Subject` (`idSubject`, `subjectCode`, `subjectName`, `subjectCoefficient`) VALUES (43, 'M3104-2', 'JAVA', 1.00);
INSERT INTO `Teckmeb`.`Subject` (`idSubject`, `subjectCode`, `subjectName`, `subjectCoefficient`) VALUES (44, 'M3105', '', 2.50);
INSERT INTO `Teckmeb`.`Subject` (`idSubject`, `subjectCode`, `subjectName`, `subjectCoefficient`) VALUES (45, 'M3106C', '', 1.50);
INSERT INTO `Teckmeb`.`Subject` (`idSubject`, `subjectCode`, `subjectName`, `subjectCoefficient`) VALUES (46, 'M3201', '', 2.50);
INSERT INTO `Teckmeb`.`Subject` (`idSubject`, `subjectCode`, `subjectName`, `subjectCoefficient`) VALUES (47, 'M3202C', '', 1.50);
INSERT INTO `Teckmeb`.`Subject` (`idSubject`, `subjectCode`, `subjectName`, `subjectCoefficient`) VALUES (48, 'M3203', '', 1.50);
INSERT INTO `Teckmeb`.`Subject` (`idSubject`, `subjectCode`, `subjectName`, `subjectCoefficient`) VALUES (49, 'M3204-1', 'Partie 1', 1.30);
INSERT INTO `Teckmeb`.`Subject` (`idSubject`, `subjectCode`, `subjectName`, `subjectCoefficient`) VALUES (50, 'M3204-2', 'Partie 2', 1.20);
INSERT INTO `Teckmeb`.`Subject` (`idSubject`, `subjectCode`, `subjectName`, `subjectCoefficient`) VALUES (51, 'M3205', '', 1.50);
INSERT INTO `Teckmeb`.`Subject` (`idSubject`, `subjectCode`, `subjectName`, `subjectCoefficient`) VALUES (52, 'M3206', '', 2.50);
INSERT INTO `Teckmeb`.`Subject` (`idSubject`, `subjectCode`, `subjectName`, `subjectCoefficient`) VALUES (53, 'M3301-1', 'Modlisation des processus', 1.80);
INSERT INTO `Teckmeb`.`Subject` (`idSubject`, `subjectCode`, `subjectName`, `subjectCoefficient`) VALUES (54, 'M3301-2', 'Partie EGO', 1.20);
INSERT INTO `Teckmeb`.`Subject` (`idSubject`, `subjectCode`, `subjectName`, `subjectCoefficient`) VALUES (55, 'M3302', '', 2.00);
INSERT INTO `Teckmeb`.`Subject` (`idSubject`, `subjectCode`, `subjectName`, `subjectCoefficient`) VALUES (56, 'M3303', '', 1.00);

COMMIT;


-- -----------------------------------------------------
-- Data for table `Teckmeb`.`Teacher`
-- -----------------------------------------------------
START TRANSACTION;
USE `Teckmeb`;
INSERT INTO `Teckmeb`.`Teacher` (`idTeacher`, `idUser`) VALUES (1, 101);
INSERT INTO `Teckmeb`.`Teacher` (`idTeacher`, `idUser`) VALUES (2, 102);
INSERT INTO `Teckmeb`.`Teacher` (`idTeacher`, `idUser`) VALUES (3, 103);
INSERT INTO `Teckmeb`.`Teacher` (`idTeacher`, `idUser`) VALUES (4, 104);
INSERT INTO `Teckmeb`.`Teacher` (`idTeacher`, `idUser`) VALUES (5, 105);
INSERT INTO `Teckmeb`.`Teacher` (`idTeacher`, `idUser`) VALUES (6, 106);
INSERT INTO `Teckmeb`.`Teacher` (`idTeacher`, `idUser`) VALUES (7, 107);
INSERT INTO `Teckmeb`.`Teacher` (`idTeacher`, `idUser`) VALUES (8, 108);
INSERT INTO `Teckmeb`.`Teacher` (`idTeacher`, `idUser`) VALUES (9, 109);
INSERT INTO `Teckmeb`.`Teacher` (`idTeacher`, `idUser`) VALUES (10, 110);
INSERT INTO `Teckmeb`.`Teacher` (`idTeacher`, `idUser`) VALUES (11, 111);
INSERT INTO `Teckmeb`.`Teacher` (`idTeacher`, `idUser`) VALUES (12, 112);
INSERT INTO `Teckmeb`.`Teacher` (`idTeacher`, `idUser`) VALUES (13, 113);
INSERT INTO `Teckmeb`.`Teacher` (`idTeacher`, `idUser`) VALUES (14, 114);
INSERT INTO `Teckmeb`.`Teacher` (`idTeacher`, `idUser`) VALUES (15, 115);
INSERT INTO `Teckmeb`.`Teacher` (`idTeacher`, `idUser`) VALUES (16, 116);
INSERT INTO `Teckmeb`.`Teacher` (`idTeacher`, `idUser`) VALUES (17, 117);
INSERT INTO `Teckmeb`.`Teacher` (`idTeacher`, `idUser`) VALUES (18, 118);
INSERT INTO `Teckmeb`.`Teacher` (`idTeacher`, `idUser`) VALUES (19, 119);
INSERT INTO `Teckmeb`.`Teacher` (`idTeacher`, `idUser`) VALUES (20, 120);

COMMIT;


-- -----------------------------------------------------
-- Data for table `Teckmeb`.`Education`
-- -----------------------------------------------------
START TRANSACTION;
USE `Teckmeb`;
INSERT INTO `Teckmeb`.`Education` (`idEducation`, `idGroup`, `idSubject`, `idTeacher`) VALUES (1, 6, 20, 5);
INSERT INTO `Teckmeb`.`Education` (`idEducation`, `idGroup`, `idSubject`, `idTeacher`) VALUES (2, 6, 21, 3);
INSERT INTO `Teckmeb`.`Education` (`idEducation`, `idGroup`, `idSubject`, `idTeacher`) VALUES (3, 6, 22, 4);
INSERT INTO `Teckmeb`.`Education` (`idEducation`, `idGroup`, `idSubject`, `idTeacher`) VALUES (4, 6, 23, 4);
INSERT INTO `Teckmeb`.`Education` (`idEducation`, `idGroup`, `idSubject`, `idTeacher`) VALUES (5, 6, 24, 6);
INSERT INTO `Teckmeb`.`Education` (`idEducation`, `idGroup`, `idSubject`, `idTeacher`) VALUES (6, 6, 25, 7);
INSERT INTO `Teckmeb`.`Education` (`idEducation`, `idGroup`, `idSubject`, `idTeacher`) VALUES (7, 6, 26, 8);
INSERT INTO `Teckmeb`.`Education` (`idEducation`, `idGroup`, `idSubject`, `idTeacher`) VALUES (8, 6, 27, 1);
INSERT INTO `Teckmeb`.`Education` (`idEducation`, `idGroup`, `idSubject`, `idTeacher`) VALUES (9, 6, 28, 3);
INSERT INTO `Teckmeb`.`Education` (`idEducation`, `idGroup`, `idSubject`, `idTeacher`) VALUES (10, 6, 30, 2);
INSERT INTO `Teckmeb`.`Education` (`idEducation`, `idGroup`, `idSubject`, `idTeacher`) VALUES (11, 6, 31, 2);
INSERT INTO `Teckmeb`.`Education` (`idEducation`, `idGroup`, `idSubject`, `idTeacher`) VALUES (12, 6, 32, 10);
INSERT INTO `Teckmeb`.`Education` (`idEducation`, `idGroup`, `idSubject`, `idTeacher`) VALUES (13, 6, 33, 11);
INSERT INTO `Teckmeb`.`Education` (`idEducation`, `idGroup`, `idSubject`, `idTeacher`) VALUES (14, 6, 34, 12);
INSERT INTO `Teckmeb`.`Education` (`idEducation`, `idGroup`, `idSubject`, `idTeacher`) VALUES (15, 6, 35, 13);
INSERT INTO `Teckmeb`.`Education` (`idEducation`, `idGroup`, `idSubject`, `idTeacher`) VALUES (16, 6, 36, 15);
INSERT INTO `Teckmeb`.`Education` (`idEducation`, `idGroup`, `idSubject`, `idTeacher`) VALUES (17, 6, 37, 14);
INSERT INTO `Teckmeb`.`Education` (`idEducation`, `idGroup`, `idSubject`, `idTeacher`) VALUES (18, 1, 1, 5);
INSERT INTO `Teckmeb`.`Education` (`idEducation`, `idGroup`, `idSubject`, `idTeacher`) VALUES (19, 2, 1, 5);
INSERT INTO `Teckmeb`.`Education` (`idEducation`, `idGroup`, `idSubject`, `idTeacher`) VALUES (20, 3, 1, 5);
INSERT INTO `Teckmeb`.`Education` (`idEducation`, `idGroup`, `idSubject`, `idTeacher`) VALUES (21, 4, 1, 5);
INSERT INTO `Teckmeb`.`Education` (`idEducation`, `idGroup`, `idSubject`, `idTeacher`) VALUES (22, 5, 1, 5);
INSERT INTO `Teckmeb`.`Education` (`idEducation`, `idGroup`, `idSubject`, `idTeacher`) VALUES (23, 1, 2, 3);
INSERT INTO `Teckmeb`.`Education` (`idEducation`, `idGroup`, `idSubject`, `idTeacher`) VALUES (24, 1, 3, 3);
INSERT INTO `Teckmeb`.`Education` (`idEducation`, `idGroup`, `idSubject`, `idTeacher`) VALUES (25, 2, 2, 20);
INSERT INTO `Teckmeb`.`Education` (`idEducation`, `idGroup`, `idSubject`, `idTeacher`) VALUES (26, 3, 2, 20);
INSERT INTO `Teckmeb`.`Education` (`idEducation`, `idGroup`, `idSubject`, `idTeacher`) VALUES (27, 2, 3, 20);
INSERT INTO `Teckmeb`.`Education` (`idEducation`, `idGroup`, `idSubject`, `idTeacher`) VALUES (28, 3, 3, 20);
INSERT INTO `Teckmeb`.`Education` (`idEducation`, `idGroup`, `idSubject`, `idTeacher`) VALUES (29, 4, 2, 17);
INSERT INTO `Teckmeb`.`Education` (`idEducation`, `idGroup`, `idSubject`, `idTeacher`) VALUES (30, 5, 2, 17);
INSERT INTO `Teckmeb`.`Education` (`idEducation`, `idGroup`, `idSubject`, `idTeacher`) VALUES (31, 4, 3, 17);
INSERT INTO `Teckmeb`.`Education` (`idEducation`, `idGroup`, `idSubject`, `idTeacher`) VALUES (32, 5, 3, 17);
INSERT INTO `Teckmeb`.`Education` (`idEducation`, `idGroup`, `idSubject`, `idTeacher`) VALUES (33, 1, 4, 19);
INSERT INTO `Teckmeb`.`Education` (`idEducation`, `idGroup`, `idSubject`, `idTeacher`) VALUES (34, 1, 6, 19);
INSERT INTO `Teckmeb`.`Education` (`idEducation`, `idGroup`, `idSubject`, `idTeacher`) VALUES (35, 2, 4, 1);
INSERT INTO `Teckmeb`.`Education` (`idEducation`, `idGroup`, `idSubject`, `idTeacher`) VALUES (36, 2, 6, 1);
INSERT INTO `Teckmeb`.`Education` (`idEducation`, `idGroup`, `idSubject`, `idTeacher`) VALUES (37, 3, 4, 4);
INSERT INTO `Teckmeb`.`Education` (`idEducation`, `idGroup`, `idSubject`, `idTeacher`) VALUES (38, 3, 6, 4);
INSERT INTO `Teckmeb`.`Education` (`idEducation`, `idGroup`, `idSubject`, `idTeacher`) VALUES (39, 4, 4, 19);
INSERT INTO `Teckmeb`.`Education` (`idEducation`, `idGroup`, `idSubject`, `idTeacher`) VALUES (40, 4, 6, 19);
INSERT INTO `Teckmeb`.`Education` (`idEducation`, `idGroup`, `idSubject`, `idTeacher`) VALUES (41, 5, 4, 4);
INSERT INTO `Teckmeb`.`Education` (`idEducation`, `idGroup`, `idSubject`, `idTeacher`) VALUES (42, 5, 6, 4);
INSERT INTO `Teckmeb`.`Education` (`idEducation`, `idGroup`, `idSubject`, `idTeacher`) VALUES (43, 1, 5, 19);
INSERT INTO `Teckmeb`.`Education` (`idEducation`, `idGroup`, `idSubject`, `idTeacher`) VALUES (44, 1, 7, 19);
INSERT INTO `Teckmeb`.`Education` (`idEducation`, `idGroup`, `idSubject`, `idTeacher`) VALUES (45, 2, 5, 19);
INSERT INTO `Teckmeb`.`Education` (`idEducation`, `idGroup`, `idSubject`, `idTeacher`) VALUES (46, 2, 7, 19);
INSERT INTO `Teckmeb`.`Education` (`idEducation`, `idGroup`, `idSubject`, `idTeacher`) VALUES (47, 3, 5, 19);
INSERT INTO `Teckmeb`.`Education` (`idEducation`, `idGroup`, `idSubject`, `idTeacher`) VALUES (48, 3, 7, 19);
INSERT INTO `Teckmeb`.`Education` (`idEducation`, `idGroup`, `idSubject`, `idTeacher`) VALUES (49, 4, 5, 1);
INSERT INTO `Teckmeb`.`Education` (`idEducation`, `idGroup`, `idSubject`, `idTeacher`) VALUES (50, 4, 7, 1);
INSERT INTO `Teckmeb`.`Education` (`idEducation`, `idGroup`, `idSubject`, `idTeacher`) VALUES (51, 5, 5, 1);
INSERT INTO `Teckmeb`.`Education` (`idEducation`, `idGroup`, `idSubject`, `idTeacher`) VALUES (52, 5, 7, 1);
INSERT INTO `Teckmeb`.`Education` (`idEducation`, `idGroup`, `idSubject`, `idTeacher`) VALUES (53, 1, 8, 6);
INSERT INTO `Teckmeb`.`Education` (`idEducation`, `idGroup`, `idSubject`, `idTeacher`) VALUES (54, 2, 8, 6);
INSERT INTO `Teckmeb`.`Education` (`idEducation`, `idGroup`, `idSubject`, `idTeacher`) VALUES (55, 3, 8, 6);
INSERT INTO `Teckmeb`.`Education` (`idEducation`, `idGroup`, `idSubject`, `idTeacher`) VALUES (56, 4, 8, 7);
INSERT INTO `Teckmeb`.`Education` (`idEducation`, `idGroup`, `idSubject`, `idTeacher`) VALUES (57, 5, 8, 7);
INSERT INTO `Teckmeb`.`Education` (`idEducation`, `idGroup`, `idSubject`, `idTeacher`) VALUES (58, 4, 9, 6);
INSERT INTO `Teckmeb`.`Education` (`idEducation`, `idGroup`, `idSubject`, `idTeacher`) VALUES (59, 5, 9, 6);
INSERT INTO `Teckmeb`.`Education` (`idEducation`, `idGroup`, `idSubject`, `idTeacher`) VALUES (60, 1, 9, 7);
INSERT INTO `Teckmeb`.`Education` (`idEducation`, `idGroup`, `idSubject`, `idTeacher`) VALUES (61, 2, 9, 7);
INSERT INTO `Teckmeb`.`Education` (`idEducation`, `idGroup`, `idSubject`, `idTeacher`) VALUES (62, 3, 9, 7);
INSERT INTO `Teckmeb`.`Education` (`idEducation`, `idGroup`, `idSubject`, `idTeacher`) VALUES (63, 1, 10, 8);
INSERT INTO `Teckmeb`.`Education` (`idEducation`, `idGroup`, `idSubject`, `idTeacher`) VALUES (64, 2, 10, 8);
INSERT INTO `Teckmeb`.`Education` (`idEducation`, `idGroup`, `idSubject`, `idTeacher`) VALUES (65, 3, 10, 8);
INSERT INTO `Teckmeb`.`Education` (`idEducation`, `idGroup`, `idSubject`, `idTeacher`) VALUES (66, 4, 10, 8);
INSERT INTO `Teckmeb`.`Education` (`idEducation`, `idGroup`, `idSubject`, `idTeacher`) VALUES (67, 5, 10, 8);
INSERT INTO `Teckmeb`.`Education` (`idEducation`, `idGroup`, `idSubject`, `idTeacher`) VALUES (68, 1, 11, 8);
INSERT INTO `Teckmeb`.`Education` (`idEducation`, `idGroup`, `idSubject`, `idTeacher`) VALUES (69, 2, 11, 8);
INSERT INTO `Teckmeb`.`Education` (`idEducation`, `idGroup`, `idSubject`, `idTeacher`) VALUES (70, 3, 11, 8);
INSERT INTO `Teckmeb`.`Education` (`idEducation`, `idGroup`, `idSubject`, `idTeacher`) VALUES (71, 4, 11, 8);
INSERT INTO `Teckmeb`.`Education` (`idEducation`, `idGroup`, `idSubject`, `idTeacher`) VALUES (72, 5, 11, 8);
INSERT INTO `Teckmeb`.`Education` (`idEducation`, `idGroup`, `idSubject`, `idTeacher`) VALUES (73, 1, 13, 2);
INSERT INTO `Teckmeb`.`Education` (`idEducation`, `idGroup`, `idSubject`, `idTeacher`) VALUES (74, 1, 14, 2);
INSERT INTO `Teckmeb`.`Education` (`idEducation`, `idGroup`, `idSubject`, `idTeacher`) VALUES (75, 2, 13, 2);
INSERT INTO `Teckmeb`.`Education` (`idEducation`, `idGroup`, `idSubject`, `idTeacher`) VALUES (76, 2, 14, 2);
INSERT INTO `Teckmeb`.`Education` (`idEducation`, `idGroup`, `idSubject`, `idTeacher`) VALUES (77, 3, 13, 9);
INSERT INTO `Teckmeb`.`Education` (`idEducation`, `idGroup`, `idSubject`, `idTeacher`) VALUES (78, 3, 14, 9);
INSERT INTO `Teckmeb`.`Education` (`idEducation`, `idGroup`, `idSubject`, `idTeacher`) VALUES (79, 4, 13, 9);
INSERT INTO `Teckmeb`.`Education` (`idEducation`, `idGroup`, `idSubject`, `idTeacher`) VALUES (80, 5, 13, 9);
INSERT INTO `Teckmeb`.`Education` (`idEducation`, `idGroup`, `idSubject`, `idTeacher`) VALUES (81, 4, 14, 9);
INSERT INTO `Teckmeb`.`Education` (`idEducation`, `idGroup`, `idSubject`, `idTeacher`) VALUES (82, 5, 14, 9);
INSERT INTO `Teckmeb`.`Education` (`idEducation`, `idGroup`, `idSubject`, `idTeacher`) VALUES (83, 1, 15, 10);
INSERT INTO `Teckmeb`.`Education` (`idEducation`, `idGroup`, `idSubject`, `idTeacher`) VALUES (84, 2, 15, 10);
INSERT INTO `Teckmeb`.`Education` (`idEducation`, `idGroup`, `idSubject`, `idTeacher`) VALUES (85, 3, 15, 10);
INSERT INTO `Teckmeb`.`Education` (`idEducation`, `idGroup`, `idSubject`, `idTeacher`) VALUES (86, 4, 15, 10);
INSERT INTO `Teckmeb`.`Education` (`idEducation`, `idGroup`, `idSubject`, `idTeacher`) VALUES (87, 5, 15, 10);
INSERT INTO `Teckmeb`.`Education` (`idEducation`, `idGroup`, `idSubject`, `idTeacher`) VALUES (88, 1, 16, 10);
INSERT INTO `Teckmeb`.`Education` (`idEducation`, `idGroup`, `idSubject`, `idTeacher`) VALUES (89, 2, 16, 10);
INSERT INTO `Teckmeb`.`Education` (`idEducation`, `idGroup`, `idSubject`, `idTeacher`) VALUES (90, 3, 16, 10);
INSERT INTO `Teckmeb`.`Education` (`idEducation`, `idGroup`, `idSubject`, `idTeacher`) VALUES (91, 4, 16, 10);
INSERT INTO `Teckmeb`.`Education` (`idEducation`, `idGroup`, `idSubject`, `idTeacher`) VALUES (92, 5, 16, 8);
INSERT INTO `Teckmeb`.`Education` (`idEducation`, `idGroup`, `idSubject`, `idTeacher`) VALUES (93, 1, 17, 13);
INSERT INTO `Teckmeb`.`Education` (`idEducation`, `idGroup`, `idSubject`, `idTeacher`) VALUES (94, 2, 17, 13);
INSERT INTO `Teckmeb`.`Education` (`idEducation`, `idGroup`, `idSubject`, `idTeacher`) VALUES (95, 3, 17, 13);
INSERT INTO `Teckmeb`.`Education` (`idEducation`, `idGroup`, `idSubject`, `idTeacher`) VALUES (96, 4, 17, 14);
INSERT INTO `Teckmeb`.`Education` (`idEducation`, `idGroup`, `idSubject`, `idTeacher`) VALUES (97, 5, 17, 14);
INSERT INTO `Teckmeb`.`Education` (`idEducation`, `idGroup`, `idSubject`, `idTeacher`) VALUES (98, 1, 18, 15);
INSERT INTO `Teckmeb`.`Education` (`idEducation`, `idGroup`, `idSubject`, `idTeacher`) VALUES (99, 2, 18, 15);
INSERT INTO `Teckmeb`.`Education` (`idEducation`, `idGroup`, `idSubject`, `idTeacher`) VALUES (100, 3, 18, 16);
INSERT INTO `Teckmeb`.`Education` (`idEducation`, `idGroup`, `idSubject`, `idTeacher`) VALUES (101, 4, 18, 16);
INSERT INTO `Teckmeb`.`Education` (`idEducation`, `idGroup`, `idSubject`, `idTeacher`) VALUES (102, 5, 18, 16);
INSERT INTO `Teckmeb`.`Education` (`idEducation`, `idGroup`, `idSubject`, `idTeacher`) VALUES (103, 1, 19, 14);
INSERT INTO `Teckmeb`.`Education` (`idEducation`, `idGroup`, `idSubject`, `idTeacher`) VALUES (104, 2, 19, 14);
INSERT INTO `Teckmeb`.`Education` (`idEducation`, `idGroup`, `idSubject`, `idTeacher`) VALUES (105, 3, 19, 14);
INSERT INTO `Teckmeb`.`Education` (`idEducation`, `idGroup`, `idSubject`, `idTeacher`) VALUES (106, 4, 19, 13);
INSERT INTO `Teckmeb`.`Education` (`idEducation`, `idGroup`, `idSubject`, `idTeacher`) VALUES (107, 5, 19, 13);
INSERT INTO `Teckmeb`.`Education` (`idEducation`, `idGroup`, `idSubject`, `idTeacher`) VALUES (108, 7, 38, 5);
INSERT INTO `Teckmeb`.`Education` (`idEducation`, `idGroup`, `idSubject`, `idTeacher`) VALUES (109, 8, 38, 5);
INSERT INTO `Teckmeb`.`Education` (`idEducation`, `idGroup`, `idSubject`, `idTeacher`) VALUES (110, 9, 38, 5);
INSERT INTO `Teckmeb`.`Education` (`idEducation`, `idGroup`, `idSubject`, `idTeacher`) VALUES (111, 10, 38, 5);
INSERT INTO `Teckmeb`.`Education` (`idEducation`, `idGroup`, `idSubject`, `idTeacher`) VALUES (112, 7, 39, 1);
INSERT INTO `Teckmeb`.`Education` (`idEducation`, `idGroup`, `idSubject`, `idTeacher`) VALUES (113, 8, 39, 4);
INSERT INTO `Teckmeb`.`Education` (`idEducation`, `idGroup`, `idSubject`, `idTeacher`) VALUES (114, 9, 39, 4);
INSERT INTO `Teckmeb`.`Education` (`idEducation`, `idGroup`, `idSubject`, `idTeacher`) VALUES (115, 10, 39, 1);
INSERT INTO `Teckmeb`.`Education` (`idEducation`, `idGroup`, `idSubject`, `idTeacher`) VALUES (116, 7, 40, 3);
INSERT INTO `Teckmeb`.`Education` (`idEducation`, `idGroup`, `idSubject`, `idTeacher`) VALUES (117, 8, 40, 3);
INSERT INTO `Teckmeb`.`Education` (`idEducation`, `idGroup`, `idSubject`, `idTeacher`) VALUES (118, 9, 40, 18);
INSERT INTO `Teckmeb`.`Education` (`idEducation`, `idGroup`, `idSubject`, `idTeacher`) VALUES (119, 10, 40, 18);
INSERT INTO `Teckmeb`.`Education` (`idEducation`, `idGroup`, `idSubject`, `idTeacher`) VALUES (120, 7, 41, 1);
INSERT INTO `Teckmeb`.`Education` (`idEducation`, `idGroup`, `idSubject`, `idTeacher`) VALUES (121, 8, 41, 1);
INSERT INTO `Teckmeb`.`Education` (`idEducation`, `idGroup`, `idSubject`, `idTeacher`) VALUES (122, 9, 41, 19);
INSERT INTO `Teckmeb`.`Education` (`idEducation`, `idGroup`, `idSubject`, `idTeacher`) VALUES (123, 10, 41, 19);
INSERT INTO `Teckmeb`.`Education` (`idEducation`, `idGroup`, `idSubject`, `idTeacher`) VALUES (124, 7, 42, 4);
INSERT INTO `Teckmeb`.`Education` (`idEducation`, `idGroup`, `idSubject`, `idTeacher`) VALUES (125, 8, 42, 4);
INSERT INTO `Teckmeb`.`Education` (`idEducation`, `idGroup`, `idSubject`, `idTeacher`) VALUES (126, 9, 42, 1);
INSERT INTO `Teckmeb`.`Education` (`idEducation`, `idGroup`, `idSubject`, `idTeacher`) VALUES (127, 10, 42, 1);
INSERT INTO `Teckmeb`.`Education` (`idEducation`, `idGroup`, `idSubject`, `idTeacher`) VALUES (128, 7, 43, 1);
INSERT INTO `Teckmeb`.`Education` (`idEducation`, `idGroup`, `idSubject`, `idTeacher`) VALUES (129, 8, 43, 4);
INSERT INTO `Teckmeb`.`Education` (`idEducation`, `idGroup`, `idSubject`, `idTeacher`) VALUES (130, 9, 43, 1);
INSERT INTO `Teckmeb`.`Education` (`idEducation`, `idGroup`, `idSubject`, `idTeacher`) VALUES (131, 10, 43, 4);
INSERT INTO `Teckmeb`.`Education` (`idEducation`, `idGroup`, `idSubject`, `idTeacher`) VALUES (132, 7, 44, 6);
INSERT INTO `Teckmeb`.`Education` (`idEducation`, `idGroup`, `idSubject`, `idTeacher`) VALUES (133, 8, 44, 6);
INSERT INTO `Teckmeb`.`Education` (`idEducation`, `idGroup`, `idSubject`, `idTeacher`) VALUES (134, 9, 44, 7);
INSERT INTO `Teckmeb`.`Education` (`idEducation`, `idGroup`, `idSubject`, `idTeacher`) VALUES (135, 10, 44, 7);
INSERT INTO `Teckmeb`.`Education` (`idEducation`, `idGroup`, `idSubject`, `idTeacher`) VALUES (136, 7, 45, 17);
INSERT INTO `Teckmeb`.`Education` (`idEducation`, `idGroup`, `idSubject`, `idTeacher`) VALUES (137, 8, 45, 17);
INSERT INTO `Teckmeb`.`Education` (`idEducation`, `idGroup`, `idSubject`, `idTeacher`) VALUES (138, 9, 45, 3);
INSERT INTO `Teckmeb`.`Education` (`idEducation`, `idGroup`, `idSubject`, `idTeacher`) VALUES (139, 10, 45, 3);
INSERT INTO `Teckmeb`.`Education` (`idEducation`, `idGroup`, `idSubject`, `idTeacher`) VALUES (140, 7, 46, 9);
INSERT INTO `Teckmeb`.`Education` (`idEducation`, `idGroup`, `idSubject`, `idTeacher`) VALUES (141, 7, 47, 9);
INSERT INTO `Teckmeb`.`Education` (`idEducation`, `idGroup`, `idSubject`, `idTeacher`) VALUES (142, 8, 46, 9);
INSERT INTO `Teckmeb`.`Education` (`idEducation`, `idGroup`, `idSubject`, `idTeacher`) VALUES (143, 8, 47, 9);
INSERT INTO `Teckmeb`.`Education` (`idEducation`, `idGroup`, `idSubject`, `idTeacher`) VALUES (144, 9, 46, 2);
INSERT INTO `Teckmeb`.`Education` (`idEducation`, `idGroup`, `idSubject`, `idTeacher`) VALUES (145, 10, 46, 2);
INSERT INTO `Teckmeb`.`Education` (`idEducation`, `idGroup`, `idSubject`, `idTeacher`) VALUES (146, 9, 47, 2);
INSERT INTO `Teckmeb`.`Education` (`idEducation`, `idGroup`, `idSubject`, `idTeacher`) VALUES (147, 10, 47, 2);
INSERT INTO `Teckmeb`.`Education` (`idEducation`, `idGroup`, `idSubject`, `idTeacher`) VALUES (148, 7, 48, 11);
INSERT INTO `Teckmeb`.`Education` (`idEducation`, `idGroup`, `idSubject`, `idTeacher`) VALUES (149, 8, 48, 11);
INSERT INTO `Teckmeb`.`Education` (`idEducation`, `idGroup`, `idSubject`, `idTeacher`) VALUES (150, 9, 48, 11);
INSERT INTO `Teckmeb`.`Education` (`idEducation`, `idGroup`, `idSubject`, `idTeacher`) VALUES (151, 10, 48, 11);
INSERT INTO `Teckmeb`.`Education` (`idEducation`, `idGroup`, `idSubject`, `idTeacher`) VALUES (152, 7, 49, 10);
INSERT INTO `Teckmeb`.`Education` (`idEducation`, `idGroup`, `idSubject`, `idTeacher`) VALUES (153, 7, 50, 12);
INSERT INTO `Teckmeb`.`Education` (`idEducation`, `idGroup`, `idSubject`, `idTeacher`) VALUES (154, 8, 49, 10);
INSERT INTO `Teckmeb`.`Education` (`idEducation`, `idGroup`, `idSubject`, `idTeacher`) VALUES (155, 9, 49, 10);
INSERT INTO `Teckmeb`.`Education` (`idEducation`, `idGroup`, `idSubject`, `idTeacher`) VALUES (156, 10, 49, 10);
INSERT INTO `Teckmeb`.`Education` (`idEducation`, `idGroup`, `idSubject`, `idTeacher`) VALUES (157, 8, 50, 12);
INSERT INTO `Teckmeb`.`Education` (`idEducation`, `idGroup`, `idSubject`, `idTeacher`) VALUES (158, 9, 50, 12);
INSERT INTO `Teckmeb`.`Education` (`idEducation`, `idGroup`, `idSubject`, `idTeacher`) VALUES (159, 10, 50, 12);
INSERT INTO `Teckmeb`.`Education` (`idEducation`, `idGroup`, `idSubject`, `idTeacher`) VALUES (160, 7, 51, 13);
INSERT INTO `Teckmeb`.`Education` (`idEducation`, `idGroup`, `idSubject`, `idTeacher`) VALUES (161, 8, 51, 13);
INSERT INTO `Teckmeb`.`Education` (`idEducation`, `idGroup`, `idSubject`, `idTeacher`) VALUES (162, 9, 51, 14);
INSERT INTO `Teckmeb`.`Education` (`idEducation`, `idGroup`, `idSubject`, `idTeacher`) VALUES (163, 10, 51, 14);
INSERT INTO `Teckmeb`.`Education` (`idEducation`, `idGroup`, `idSubject`, `idTeacher`) VALUES (164, 7, 52, 15);
INSERT INTO `Teckmeb`.`Education` (`idEducation`, `idGroup`, `idSubject`, `idTeacher`) VALUES (165, 8, 52, 15);
INSERT INTO `Teckmeb`.`Education` (`idEducation`, `idGroup`, `idSubject`, `idTeacher`) VALUES (166, 9, 52, 16);
INSERT INTO `Teckmeb`.`Education` (`idEducation`, `idGroup`, `idSubject`, `idTeacher`) VALUES (167, 10, 52, 16);
INSERT INTO `Teckmeb`.`Education` (`idEducation`, `idGroup`, `idSubject`, `idTeacher`) VALUES (168, 7, 54, 12);
INSERT INTO `Teckmeb`.`Education` (`idEducation`, `idGroup`, `idSubject`, `idTeacher`) VALUES (169, 8, 54, 12);
INSERT INTO `Teckmeb`.`Education` (`idEducation`, `idGroup`, `idSubject`, `idTeacher`) VALUES (170, 9, 54, 12);
INSERT INTO `Teckmeb`.`Education` (`idEducation`, `idGroup`, `idSubject`, `idTeacher`) VALUES (171, 10, 54, 12);
INSERT INTO `Teckmeb`.`Education` (`idEducation`, `idGroup`, `idSubject`, `idTeacher`) VALUES (172, 7, 53, 19);
INSERT INTO `Teckmeb`.`Education` (`idEducation`, `idGroup`, `idSubject`, `idTeacher`) VALUES (173, 8, 53, 19);
INSERT INTO `Teckmeb`.`Education` (`idEducation`, `idGroup`, `idSubject`, `idTeacher`) VALUES (174, 9, 53, 19);
INSERT INTO `Teckmeb`.`Education` (`idEducation`, `idGroup`, `idSubject`, `idTeacher`) VALUES (175, 10, 53, 19);
INSERT INTO `Teckmeb`.`Education` (`idEducation`, `idGroup`, `idSubject`, `idTeacher`) VALUES (176, 7, 56, 13);
INSERT INTO `Teckmeb`.`Education` (`idEducation`, `idGroup`, `idSubject`, `idTeacher`) VALUES (177, 8, 56, 13);
INSERT INTO `Teckmeb`.`Education` (`idEducation`, `idGroup`, `idSubject`, `idTeacher`) VALUES (178, 9, 56, 14);
INSERT INTO `Teckmeb`.`Education` (`idEducation`, `idGroup`, `idSubject`, `idTeacher`) VALUES (179, 10, 56, 14);

COMMIT;


-- -----------------------------------------------------
-- Data for table `Teckmeb`.`ControlType`
-- -----------------------------------------------------
START TRANSACTION;
USE `Teckmeb`;
INSERT INTO `Teckmeb`.`ControlType` (`idControlType`, `controlTypeName`) VALUES (1, 'Promo');
INSERT INTO `Teckmeb`.`ControlType` (`idControlType`, `controlTypeName`) VALUES (2, 'Groupe');
INSERT INTO `Teckmeb`.`ControlType` (`idControlType`, `controlTypeName`) VALUES (3, 'Individuel');

COMMIT;


-- -----------------------------------------------------
-- Data for table `Teckmeb`.`Secretariat`
-- -----------------------------------------------------
START TRANSACTION;
USE `Teckmeb`;
INSERT INTO `Teckmeb`.`Secretariat` (`idSecretariat`, `idUser`) VALUES (1, 121);

COMMIT;


-- -----------------------------------------------------
-- Data for table `Teckmeb`.`Question`
-- -----------------------------------------------------
START TRANSACTION;
USE `Teckmeb`;
INSERT INTO `Teckmeb`.`Question` (`idQuestion`, `title`, `content`, `questionDate`, `public`, `closed`, `idTeacher`, `idStudent`) VALUES (1, 'dictum ultricies ligula. Nullam', 'fringilla mi lacinia mattis. Integer eu lacus. Quisque imperdiet, erat', 'NULL', 0, 0, 16, 'p0000028');
INSERT INTO `Teckmeb`.`Question` (`idQuestion`, `title`, `content`, `questionDate`, `public`, `closed`, `idTeacher`, `idStudent`) VALUES (2, 'sociis natoque penatibus et magnis dis parturient montes, nascetur ridiculus', 'quam vel sapien imperdiet ornare. In faucibus. Morbi vehicula. Pellentesque tincidunt', 'NULL', 0, 0, 3, 'p0000030');
INSERT INTO `Teckmeb`.`Question` (`idQuestion`, `title`, `content`, `questionDate`, `public`, `closed`, `idTeacher`, `idStudent`) VALUES (3, 'vehicula et, rutrum', 'Phasellus vitae mauris sit amet lorem semper auctor. Mauris vel turpis. Aliquam adipiscing lobortis risus. In mi pede, nonummy', 'NULL', 0, 0, 8, 'p0000072');
INSERT INTO `Teckmeb`.`Question` (`idQuestion`, `title`, `content`, `questionDate`, `public`, `closed`, `idTeacher`, `idStudent`) VALUES (4, 'non magna. Nam ligula', 'dictum. Phasellus in felis. Nulla tempor augue ac ipsum. Phasellus', 'NULL', 0, 0, 15, 'p0000033');
INSERT INTO `Teckmeb`.`Question` (`idQuestion`, `title`, `content`, `questionDate`, `public`, `closed`, `idTeacher`, `idStudent`) VALUES (5, 'In lorem. Donec elementum, lorem ut aliquam', 'augue ac ipsum. Phasellus vitae mauris sit amet lorem semper auctor. Mauris vel turpis. Aliquam adipiscing lobortis risus. In mi', 'NULL', 0, 0, 10, 'p0000065');
INSERT INTO `Teckmeb`.`Question` (`idQuestion`, `title`, `content`, `questionDate`, `public`, `closed`, `idTeacher`, `idStudent`) VALUES (6, 'libero. Integer in magna. Phasellus dolor elit, pellentesque', 'semper tellus id nunc interdum feugiat. Sed nec metus facilisis', 'NULL', 0, 0, 12, 'p0000026');
INSERT INTO `Teckmeb`.`Question` (`idQuestion`, `title`, `content`, `questionDate`, `public`, `closed`, `idTeacher`, `idStudent`) VALUES (7, 'sem. Nulla interdum. Curabitur dictum. Phasellus in felis. Nulla tempor', 'aliquam eu, accumsan sed, facilisis vitae, orci. Phasellus dapibus quam quis diam. Pellentesque habitant morbi tristique senectus et netus', 'NULL', 0, 0, 18, 'p0000075');
INSERT INTO `Teckmeb`.`Question` (`idQuestion`, `title`, `content`, `questionDate`, `public`, `closed`, `idTeacher`, `idStudent`) VALUES (8, 'in, cursus et, eros. Proin', 'ut, molestie in, tempus eu, ligula. Aenean euismod mauris eu', 'NULL', 0, 0, 20, 'p0000080');
INSERT INTO `Teckmeb`.`Question` (`idQuestion`, `title`, `content`, `questionDate`, `public`, `closed`, `idTeacher`, `idStudent`) VALUES (9, 'et magnis dis parturient', 'Aliquam rutrum lorem ac risus. Morbi metus. Vivamus euismod urna. Nullam lobortis', 'NULL', 0, 0, 12, 'p0000061');
INSERT INTO `Teckmeb`.`Question` (`idQuestion`, `title`, `content`, `questionDate`, `public`, `closed`, `idTeacher`, `idStudent`) VALUES (10, 'ac facilisis facilisis, magna tellus faucibus leo, in', 'sed, est. Nunc laoreet lectus quis massa. Mauris vestibulum, neque', 'NULL', 0, 0, 15, 'p0000082');
INSERT INTO `Teckmeb`.`Question` (`idQuestion`, `title`, `content`, `questionDate`, `public`, `closed`, `idTeacher`, `idStudent`) VALUES (11, 'semper pretium neque.', 'dictum placerat, augue. Sed molestie. Sed id risus quis diam', 'NULL', 0, 0, 20, 'p0000079');
INSERT INTO `Teckmeb`.`Question` (`idQuestion`, `title`, `content`, `questionDate`, `public`, `closed`, `idTeacher`, `idStudent`) VALUES (12, 'ac urna. Ut tincidunt vehicula risus. Nulla', 'mollis. Duis sit amet diam eu dolor egestas rhoncus. Proin', 'NULL', 0, 0, 18, 'p0000031');
INSERT INTO `Teckmeb`.`Question` (`idQuestion`, `title`, `content`, `questionDate`, `public`, `closed`, `idTeacher`, `idStudent`) VALUES (13, 'eu eros. Nam consequat dolor vitae dolor. Donec fringilla. Donec', 'mauris sagittis placerat. Cras dictum ultricies ligula. Nullam enim. Sed nulla ante, iaculis nec, eleifend non, dapibus rutrum, justo.', 'NULL', 0, 0, 18, 'p0000009');
INSERT INTO `Teckmeb`.`Question` (`idQuestion`, `title`, `content`, `questionDate`, `public`, `closed`, `idTeacher`, `idStudent`) VALUES (14, 'ut, nulla. Cras', 'Mauris vel turpis. Aliquam adipiscing lobortis risus. In mi pede, nonummy', 'NULL', 0, 0, 5, 'p0000072');
INSERT INTO `Teckmeb`.`Question` (`idQuestion`, `title`, `content`, `questionDate`, `public`, `closed`, `idTeacher`, `idStudent`) VALUES (15, 'sagittis lobortis mauris. Suspendisse aliquet molestie tellus.', 'sagittis placerat. Cras dictum ultricies ligula. Nullam enim. Sed nulla ante, iaculis nec, eleifend non, dapibus rutrum, justo. Praesent luctus.', 'NULL', 0, 0, 10, 'p0000079');
INSERT INTO `Teckmeb`.`Question` (`idQuestion`, `title`, `content`, `questionDate`, `public`, `closed`, `idTeacher`, `idStudent`) VALUES (16, 'dignissim. Maecenas ornare egestas ligula. Nullam feugiat placerat velit.', 'fringilla ornare placerat, orci lacus vestibulum lorem, sit amet ultricies sem magna nec', 'NULL', 0, 0, 6, 'p0000012');
INSERT INTO `Teckmeb`.`Question` (`idQuestion`, `title`, `content`, `questionDate`, `public`, `closed`, `idTeacher`, `idStudent`) VALUES (17, 'facilisis eget, ipsum. Donec sollicitudin adipiscing', 'Donec tempus, lorem fringilla ornare placerat, orci lacus vestibulum lorem, sit amet ultricies sem magna nec quam. Curabitur vel', 'NULL', 0, 0, 8, 'p0000062');
INSERT INTO `Teckmeb`.`Question` (`idQuestion`, `title`, `content`, `questionDate`, `public`, `closed`, `idTeacher`, `idStudent`) VALUES (18, 'porttitor vulputate, posuere vulputate, lacus. Cras', 'Morbi vehicula. Pellentesque tincidunt tempus risus. Donec egestas. Duis ac arcu. Nunc mauris. Morbi non sapien molestie orci tincidunt adipiscing.', 'NULL', 0, 0, 14, 'p0000015');
INSERT INTO `Teckmeb`.`Question` (`idQuestion`, `title`, `content`, `questionDate`, `public`, `closed`, `idTeacher`, `idStudent`) VALUES (19, 'vulputate eu, odio. Phasellus at augue id ante dictum', 'Nunc pulvinar arcu et pede. Nunc sed orci lobortis augue scelerisque mollis. Phasellus libero mauris, aliquam eu, accumsan sed, facilisis', 'NULL', 0, 0, 15, 'p0000073');
INSERT INTO `Teckmeb`.`Question` (`idQuestion`, `title`, `content`, `questionDate`, `public`, `closed`, `idTeacher`, `idStudent`) VALUES (20, 'et magnis dis parturient montes, nascetur ridiculus mus.', 'Quisque libero lacus, varius et, euismod et, commodo at, libero. Morbi', 'NULL', 0, 0, 8, 'p0000081');
INSERT INTO `Teckmeb`.`Question` (`idQuestion`, `title`, `content`, `questionDate`, `public`, `closed`, `idTeacher`, `idStudent`) VALUES (21, 'parturient montes, nascetur ridiculus mus. Aenean eget', 'bibendum. Donec felis orci, adipiscing non, luctus sit amet, faucibus ut, nulla. Cras eu tellus eu augue porttitor interdum.', 'NULL', 0, 0, 17, 'p0000055');
INSERT INTO `Teckmeb`.`Question` (`idQuestion`, `title`, `content`, `questionDate`, `public`, `closed`, `idTeacher`, `idStudent`) VALUES (22, 'Nunc sollicitudin commodo ipsum. Suspendisse non', 'adipiscing non, luctus sit amet, faucibus ut, nulla. Cras eu tellus eu augue porttitor interdum. Sed auctor odio', 'NULL', 0, 0, 4, 'p0000079');
INSERT INTO `Teckmeb`.`Question` (`idQuestion`, `title`, `content`, `questionDate`, `public`, `closed`, `idTeacher`, `idStudent`) VALUES (23, 'auctor, velit eget laoreet', 'erat, eget tincidunt dui augue eu tellus. Phasellus elit pede, malesuada vel,', 'NULL', 0, 0, 13, 'p0000017');
INSERT INTO `Teckmeb`.`Question` (`idQuestion`, `title`, `content`, `questionDate`, `public`, `closed`, `idTeacher`, `idStudent`) VALUES (24, 'pellentesque. Sed dictum. Proin eget odio.', 'nibh vulputate mauris sagittis placerat. Cras dictum ultricies ligula. Nullam enim. Sed nulla ante, iaculis nec, eleifend non, dapibus', 'NULL', 0, 0, 13, 'p0000091');
INSERT INTO `Teckmeb`.`Question` (`idQuestion`, `title`, `content`, `questionDate`, `public`, `closed`, `idTeacher`, `idStudent`) VALUES (25, 'dolor. Fusce feugiat. Lorem ipsum dolor sit', 'adipiscing, enim mi tempor lorem, eget mollis lectus pede et risus. Quisque libero lacus, varius et,', 'NULL', 0, 0, 6, 'p0000073');
INSERT INTO `Teckmeb`.`Question` (`idQuestion`, `title`, `content`, `questionDate`, `public`, `closed`, `idTeacher`, `idStudent`) VALUES (26, 'pellentesque, tellus sem mollis dui, in sodales elit', 'massa. Suspendisse eleifend. Cras sed leo. Cras vehicula aliquet libero. Integer in magna. Phasellus dolor', 'NULL', 0, 0, 2, 'p0000023');
INSERT INTO `Teckmeb`.`Question` (`idQuestion`, `title`, `content`, `questionDate`, `public`, `closed`, `idTeacher`, `idStudent`) VALUES (27, 'orci, consectetuer euismod est arcu ac orci. Ut', 'augue malesuada malesuada. Integer id magna et ipsum cursus vestibulum. Mauris magna. Duis dignissim tempor arcu. Vestibulum ut eros non', 'NULL', 0, 0, 13, 'p0000100');
INSERT INTO `Teckmeb`.`Question` (`idQuestion`, `title`, `content`, `questionDate`, `public`, `closed`, `idTeacher`, `idStudent`) VALUES (28, 'dolor. Donec fringilla. Donec', 'augue scelerisque mollis. Phasellus libero mauris, aliquam eu, accumsan sed, facilisis vitae, orci. Phasellus dapibus quam quis diam. Pellentesque habitant', 'NULL', 0, 0, 12, 'p0000085');
INSERT INTO `Teckmeb`.`Question` (`idQuestion`, `title`, `content`, `questionDate`, `public`, `closed`, `idTeacher`, `idStudent`) VALUES (29, 'magna tellus faucibus leo, in lobortis tellus justo sit', 'Praesent luctus. Curabitur egestas nunc sed libero. Proin sed turpis', 'NULL', 0, 0, 14, 'p0000090');
INSERT INTO `Teckmeb`.`Question` (`idQuestion`, `title`, `content`, `questionDate`, `public`, `closed`, `idTeacher`, `idStudent`) VALUES (30, 'feugiat tellus lorem eu metus. In lorem. Donec elementum, lorem', 'Etiam vestibulum massa rutrum magna. Cras convallis convallis dolor. Quisque', 'NULL', 0, 0, 2, 'p0000013');
INSERT INTO `Teckmeb`.`Question` (`idQuestion`, `title`, `content`, `questionDate`, `public`, `closed`, `idTeacher`, `idStudent`) VALUES (31, 'justo. Praesent luctus.', 'elit. Curabitur sed tortor. Integer aliquam adipiscing lacus. Ut nec urna et arcu imperdiet ullamcorper. Duis at lacus. Quisque', 'NULL', 0, 0, 3, 'p0000067');
INSERT INTO `Teckmeb`.`Question` (`idQuestion`, `title`, `content`, `questionDate`, `public`, `closed`, `idTeacher`, `idStudent`) VALUES (32, 'consequat dolor vitae dolor. Donec fringilla.', 'tristique pellentesque, tellus sem mollis dui, in sodales elit erat vitae risus. Duis a mi fringilla mi lacinia mattis. Integer', 'NULL', 0, 0, 18, 'p0000090');
INSERT INTO `Teckmeb`.`Question` (`idQuestion`, `title`, `content`, `questionDate`, `public`, `closed`, `idTeacher`, `idStudent`) VALUES (33, 'Sed nunc est, mollis non, cursus non, egestas', 'lacus. Aliquam rutrum lorem ac risus. Morbi metus. Vivamus euismod urna.', 'NULL', 0, 0, 6, 'p0000061');
INSERT INTO `Teckmeb`.`Question` (`idQuestion`, `title`, `content`, `questionDate`, `public`, `closed`, `idTeacher`, `idStudent`) VALUES (34, 'vitae, erat. Vivamus nisi. Mauris nulla. Integer urna.', 'vel, convallis in, cursus et, eros. Proin ultrices. Duis volutpat nunc sit amet metus. Aliquam erat', 'NULL', 0, 0, 1, 'p0000040');
INSERT INTO `Teckmeb`.`Question` (`idQuestion`, `title`, `content`, `questionDate`, `public`, `closed`, `idTeacher`, `idStudent`) VALUES (35, 'Curabitur consequat, lectus sit', 'Suspendisse aliquet, sem ut cursus luctus, ipsum leo elementum sem, vitae aliquam eros turpis non', 'NULL', 0, 0, 10, 'p0000066');
INSERT INTO `Teckmeb`.`Question` (`idQuestion`, `title`, `content`, `questionDate`, `public`, `closed`, `idTeacher`, `idStudent`) VALUES (36, 'nec ligula consectetuer rhoncus. Nullam velit dui, semper', 'parturient montes, nascetur ridiculus mus. Donec dignissim magna a tortor. Nunc commodo auctor velit. Aliquam nisl. Nulla eu neque', 'NULL', 0, 0, 19, 'p0000100');
INSERT INTO `Teckmeb`.`Question` (`idQuestion`, `title`, `content`, `questionDate`, `public`, `closed`, `idTeacher`, `idStudent`) VALUES (37, 'aliquet. Phasellus fermentum convallis ligula. Donec', 'in, dolor. Fusce feugiat. Lorem ipsum dolor sit amet, consectetuer adipiscing elit.', 'NULL', 0, 0, 14, 'p0000021');
INSERT INTO `Teckmeb`.`Question` (`idQuestion`, `title`, `content`, `questionDate`, `public`, `closed`, `idTeacher`, `idStudent`) VALUES (38, 'ut mi. Duis risus odio, auctor vitae, aliquet', 'lacinia at, iaculis quis, pede. Praesent eu dui. Cum sociis natoque', 'NULL', 0, 0, 20, 'p0000076');
INSERT INTO `Teckmeb`.`Question` (`idQuestion`, `title`, `content`, `questionDate`, `public`, `closed`, `idTeacher`, `idStudent`) VALUES (39, 'eros nec tellus. Nunc', 'Donec vitae erat vel pede blandit congue. In scelerisque scelerisque', 'NULL', 0, 0, 8, 'p0000054');
INSERT INTO `Teckmeb`.`Question` (`idQuestion`, `title`, `content`, `questionDate`, `public`, `closed`, `idTeacher`, `idStudent`) VALUES (40, 'luctus, ipsum leo elementum', 'vitae, orci. Phasellus dapibus quam quis diam. Pellentesque habitant morbi tristique senectus et netus', 'NULL', 0, 0, 9, 'p0000049');
INSERT INTO `Teckmeb`.`Question` (`idQuestion`, `title`, `content`, `questionDate`, `public`, `closed`, `idTeacher`, `idStudent`) VALUES (41, 'orci quis lectus. Nullam suscipit, est', 'elit. Nulla facilisi. Sed neque. Sed eget lacus. Mauris non dui nec urna suscipit nonummy. Fusce fermentum fermentum arcu. Vestibulum', 'NULL', 0, 0, 16, 'p0000018');
INSERT INTO `Teckmeb`.`Question` (`idQuestion`, `title`, `content`, `questionDate`, `public`, `closed`, `idTeacher`, `idStudent`) VALUES (42, 'risus. Morbi metus. Vivamus euismod', 'laoreet lectus quis massa. Mauris vestibulum, neque sed dictum eleifend, nunc risus', 'NULL', 0, 0, 14, 'p0000099');
INSERT INTO `Teckmeb`.`Question` (`idQuestion`, `title`, `content`, `questionDate`, `public`, `closed`, `idTeacher`, `idStudent`) VALUES (43, 'dis parturient montes, nascetur ridiculus mus. Proin vel nisl.', 'convallis ligula. Donec luctus aliquet odio. Etiam ligula tortor, dictum', 'NULL', 0, 0, 18, 'p0000050');
INSERT INTO `Teckmeb`.`Question` (`idQuestion`, `title`, `content`, `questionDate`, `public`, `closed`, `idTeacher`, `idStudent`) VALUES (44, 'Nunc sed orci lobortis', 'Donec non justo. Proin non massa non ante bibendum ullamcorper.', 'NULL', 0, 0, 11, 'p0000035');
INSERT INTO `Teckmeb`.`Question` (`idQuestion`, `title`, `content`, `questionDate`, `public`, `closed`, `idTeacher`, `idStudent`) VALUES (45, 'malesuada augue ut lacus. Nulla tincidunt, neque vitae', 'at pede. Cras vulputate velit eu sem. Pellentesque ut ipsum ac mi eleifend', 'NULL', 0, 0, 5, 'p0000007');
INSERT INTO `Teckmeb`.`Question` (`idQuestion`, `title`, `content`, `questionDate`, `public`, `closed`, `idTeacher`, `idStudent`) VALUES (46, 'elit, a feugiat tellus lorem eu metus. In', 'id, mollis nec, cursus a, enim. Suspendisse aliquet, sem ut cursus luctus, ipsum leo elementum', 'NULL', 0, 0, 4, 'p0000061');
INSERT INTO `Teckmeb`.`Question` (`idQuestion`, `title`, `content`, `questionDate`, `public`, `closed`, `idTeacher`, `idStudent`) VALUES (47, 'eu tellus. Phasellus elit pede,', 'vitae, orci. Phasellus dapibus quam quis diam. Pellentesque habitant morbi tristique senectus et netus et malesuada fames ac turpis', 'NULL', 0, 0, 11, 'p0000052');
INSERT INTO `Teckmeb`.`Question` (`idQuestion`, `title`, `content`, `questionDate`, `public`, `closed`, `idTeacher`, `idStudent`) VALUES (48, 'Etiam bibendum fermentum', 'tempor diam dictum sapien. Aenean massa. Integer vitae nibh. Donec est mauris, rhoncus id, mollis nec, cursus a, enim.', 'NULL', 0, 0, 20, 'p0000019');
INSERT INTO `Teckmeb`.`Question` (`idQuestion`, `title`, `content`, `questionDate`, `public`, `closed`, `idTeacher`, `idStudent`) VALUES (49, 'dapibus id, blandit at, nisi. Cum sociis natoque', 'placerat velit. Quisque varius. Nam porttitor scelerisque neque. Nullam nisl. Maecenas malesuada fringilla', 'NULL', 0, 0, 15, 'p0000046');
INSERT INTO `Teckmeb`.`Question` (`idQuestion`, `title`, `content`, `questionDate`, `public`, `closed`, `idTeacher`, `idStudent`) VALUES (50, 'eleifend. Cras sed leo. Cras vehicula aliquet', 'faucibus lectus, a sollicitudin orci sem eget massa. Suspendisse eleifend. Cras sed leo. Cras vehicula aliquet', 'NULL', 0, 0, 2, 'p0000027');

COMMIT;


-- -----------------------------------------------------
-- Data for table `Teckmeb`.`StudentGroup`
-- -----------------------------------------------------
START TRANSACTION;
USE `Teckmeb`;
INSERT INTO `Teckmeb`.`StudentGroup` (`idStudentGroup`, `idStudent`, `idGroup`) VALUES (1, 'p0000001', 1);
INSERT INTO `Teckmeb`.`StudentGroup` (`idStudentGroup`, `idStudent`, `idGroup`) VALUES (2, 'p0000002', 1);
INSERT INTO `Teckmeb`.`StudentGroup` (`idStudentGroup`, `idStudent`, `idGroup`) VALUES (3, 'p0000003', 1);
INSERT INTO `Teckmeb`.`StudentGroup` (`idStudentGroup`, `idStudent`, `idGroup`) VALUES (4, 'p0000004', 1);
INSERT INTO `Teckmeb`.`StudentGroup` (`idStudentGroup`, `idStudent`, `idGroup`) VALUES (5, 'p0000005', 1);
INSERT INTO `Teckmeb`.`StudentGroup` (`idStudentGroup`, `idStudent`, `idGroup`) VALUES (6, 'p0000006', 1);
INSERT INTO `Teckmeb`.`StudentGroup` (`idStudentGroup`, `idStudent`, `idGroup`) VALUES (7, 'p0000007', 1);
INSERT INTO `Teckmeb`.`StudentGroup` (`idStudentGroup`, `idStudent`, `idGroup`) VALUES (8, 'p0000008', 1);
INSERT INTO `Teckmeb`.`StudentGroup` (`idStudentGroup`, `idStudent`, `idGroup`) VALUES (9, 'p0000009', 1);
INSERT INTO `Teckmeb`.`StudentGroup` (`idStudentGroup`, `idStudent`, `idGroup`) VALUES (10, 'p0000010', 2);
INSERT INTO `Teckmeb`.`StudentGroup` (`idStudentGroup`, `idStudent`, `idGroup`) VALUES (11, 'p0000011', 2);
INSERT INTO `Teckmeb`.`StudentGroup` (`idStudentGroup`, `idStudent`, `idGroup`) VALUES (12, 'p0000012', 2);
INSERT INTO `Teckmeb`.`StudentGroup` (`idStudentGroup`, `idStudent`, `idGroup`) VALUES (13, 'p0000013', 2);
INSERT INTO `Teckmeb`.`StudentGroup` (`idStudentGroup`, `idStudent`, `idGroup`) VALUES (14, 'p0000014', 2);
INSERT INTO `Teckmeb`.`StudentGroup` (`idStudentGroup`, `idStudent`, `idGroup`) VALUES (15, 'p0000015', 2);
INSERT INTO `Teckmeb`.`StudentGroup` (`idStudentGroup`, `idStudent`, `idGroup`) VALUES (16, 'p0000016', 2);
INSERT INTO `Teckmeb`.`StudentGroup` (`idStudentGroup`, `idStudent`, `idGroup`) VALUES (17, 'p0000017', 2);
INSERT INTO `Teckmeb`.`StudentGroup` (`idStudentGroup`, `idStudent`, `idGroup`) VALUES (18, 'p0000018', 2);
INSERT INTO `Teckmeb`.`StudentGroup` (`idStudentGroup`, `idStudent`, `idGroup`) VALUES (19, 'p0000019', 3);
INSERT INTO `Teckmeb`.`StudentGroup` (`idStudentGroup`, `idStudent`, `idGroup`) VALUES (20, 'p0000020', 3);
INSERT INTO `Teckmeb`.`StudentGroup` (`idStudentGroup`, `idStudent`, `idGroup`) VALUES (21, 'p0000021', 3);
INSERT INTO `Teckmeb`.`StudentGroup` (`idStudentGroup`, `idStudent`, `idGroup`) VALUES (22, 'p0000022', 3);
INSERT INTO `Teckmeb`.`StudentGroup` (`idStudentGroup`, `idStudent`, `idGroup`) VALUES (23, 'p0000023', 3);
INSERT INTO `Teckmeb`.`StudentGroup` (`idStudentGroup`, `idStudent`, `idGroup`) VALUES (24, 'p0000024', 3);
INSERT INTO `Teckmeb`.`StudentGroup` (`idStudentGroup`, `idStudent`, `idGroup`) VALUES (25, 'p0000025', 3);
INSERT INTO `Teckmeb`.`StudentGroup` (`idStudentGroup`, `idStudent`, `idGroup`) VALUES (26, 'p0000026', 3);
INSERT INTO `Teckmeb`.`StudentGroup` (`idStudentGroup`, `idStudent`, `idGroup`) VALUES (27, 'p0000027', 3);
INSERT INTO `Teckmeb`.`StudentGroup` (`idStudentGroup`, `idStudent`, `idGroup`) VALUES (28, 'p0000028', 4);
INSERT INTO `Teckmeb`.`StudentGroup` (`idStudentGroup`, `idStudent`, `idGroup`) VALUES (29, 'p0000029', 4);
INSERT INTO `Teckmeb`.`StudentGroup` (`idStudentGroup`, `idStudent`, `idGroup`) VALUES (30, 'p0000030', 4);
INSERT INTO `Teckmeb`.`StudentGroup` (`idStudentGroup`, `idStudent`, `idGroup`) VALUES (31, 'p0000031', 4);
INSERT INTO `Teckmeb`.`StudentGroup` (`idStudentGroup`, `idStudent`, `idGroup`) VALUES (32, 'p0000032', 4);
INSERT INTO `Teckmeb`.`StudentGroup` (`idStudentGroup`, `idStudent`, `idGroup`) VALUES (33, 'p0000033', 4);
INSERT INTO `Teckmeb`.`StudentGroup` (`idStudentGroup`, `idStudent`, `idGroup`) VALUES (34, 'p0000034', 4);
INSERT INTO `Teckmeb`.`StudentGroup` (`idStudentGroup`, `idStudent`, `idGroup`) VALUES (35, 'p0000035', 4);
INSERT INTO `Teckmeb`.`StudentGroup` (`idStudentGroup`, `idStudent`, `idGroup`) VALUES (36, 'p0000036', 4);
INSERT INTO `Teckmeb`.`StudentGroup` (`idStudentGroup`, `idStudent`, `idGroup`) VALUES (37, 'p0000037', 5);
INSERT INTO `Teckmeb`.`StudentGroup` (`idStudentGroup`, `idStudent`, `idGroup`) VALUES (38, 'p0000038', 5);
INSERT INTO `Teckmeb`.`StudentGroup` (`idStudentGroup`, `idStudent`, `idGroup`) VALUES (39, 'p0000039', 5);
INSERT INTO `Teckmeb`.`StudentGroup` (`idStudentGroup`, `idStudent`, `idGroup`) VALUES (40, 'p0000040', 5);
INSERT INTO `Teckmeb`.`StudentGroup` (`idStudentGroup`, `idStudent`, `idGroup`) VALUES (41, 'p0000041', 5);
INSERT INTO `Teckmeb`.`StudentGroup` (`idStudentGroup`, `idStudent`, `idGroup`) VALUES (42, 'p0000042', 5);
INSERT INTO `Teckmeb`.`StudentGroup` (`idStudentGroup`, `idStudent`, `idGroup`) VALUES (43, 'p0000043', 5);
INSERT INTO `Teckmeb`.`StudentGroup` (`idStudentGroup`, `idStudent`, `idGroup`) VALUES (44, 'p0000044', 5);
INSERT INTO `Teckmeb`.`StudentGroup` (`idStudentGroup`, `idStudent`, `idGroup`) VALUES (45, 'p0000045', 5);
INSERT INTO `Teckmeb`.`StudentGroup` (`idStudentGroup`, `idStudent`, `idGroup`) VALUES (46, 'p0000046', 6);
INSERT INTO `Teckmeb`.`StudentGroup` (`idStudentGroup`, `idStudent`, `idGroup`) VALUES (47, 'p0000047', 6);
INSERT INTO `Teckmeb`.`StudentGroup` (`idStudentGroup`, `idStudent`, `idGroup`) VALUES (48, 'p0000048', 6);
INSERT INTO `Teckmeb`.`StudentGroup` (`idStudentGroup`, `idStudent`, `idGroup`) VALUES (49, 'p0000049', 6);
INSERT INTO `Teckmeb`.`StudentGroup` (`idStudentGroup`, `idStudent`, `idGroup`) VALUES (50, 'p0000050', 6);
INSERT INTO `Teckmeb`.`StudentGroup` (`idStudentGroup`, `idStudent`, `idGroup`) VALUES (51, 'p0000051', 6);
INSERT INTO `Teckmeb`.`StudentGroup` (`idStudentGroup`, `idStudent`, `idGroup`) VALUES (52, 'p0000052', 6);
INSERT INTO `Teckmeb`.`StudentGroup` (`idStudentGroup`, `idStudent`, `idGroup`) VALUES (53, 'p0000053', 6);
INSERT INTO `Teckmeb`.`StudentGroup` (`idStudentGroup`, `idStudent`, `idGroup`) VALUES (54, 'p0000054', 6);
INSERT INTO `Teckmeb`.`StudentGroup` (`idStudentGroup`, `idStudent`, `idGroup`) VALUES (55, 'p0000055', 7);
INSERT INTO `Teckmeb`.`StudentGroup` (`idStudentGroup`, `idStudent`, `idGroup`) VALUES (56, 'p0000056', 7);
INSERT INTO `Teckmeb`.`StudentGroup` (`idStudentGroup`, `idStudent`, `idGroup`) VALUES (57, 'p0000057', 7);
INSERT INTO `Teckmeb`.`StudentGroup` (`idStudentGroup`, `idStudent`, `idGroup`) VALUES (58, 'p0000058', 7);
INSERT INTO `Teckmeb`.`StudentGroup` (`idStudentGroup`, `idStudent`, `idGroup`) VALUES (59, 'p0000059', 7);
INSERT INTO `Teckmeb`.`StudentGroup` (`idStudentGroup`, `idStudent`, `idGroup`) VALUES (60, 'p0000060', 7);
INSERT INTO `Teckmeb`.`StudentGroup` (`idStudentGroup`, `idStudent`, `idGroup`) VALUES (61, 'p0000061', 7);
INSERT INTO `Teckmeb`.`StudentGroup` (`idStudentGroup`, `idStudent`, `idGroup`) VALUES (62, 'p0000062', 7);
INSERT INTO `Teckmeb`.`StudentGroup` (`idStudentGroup`, `idStudent`, `idGroup`) VALUES (63, 'p0000063', 7);
INSERT INTO `Teckmeb`.`StudentGroup` (`idStudentGroup`, `idStudent`, `idGroup`) VALUES (64, 'p0000064', 8);
INSERT INTO `Teckmeb`.`StudentGroup` (`idStudentGroup`, `idStudent`, `idGroup`) VALUES (65, 'p0000065', 8);
INSERT INTO `Teckmeb`.`StudentGroup` (`idStudentGroup`, `idStudent`, `idGroup`) VALUES (66, 'p0000066', 8);
INSERT INTO `Teckmeb`.`StudentGroup` (`idStudentGroup`, `idStudent`, `idGroup`) VALUES (67, 'p0000067', 8);
INSERT INTO `Teckmeb`.`StudentGroup` (`idStudentGroup`, `idStudent`, `idGroup`) VALUES (68, 'p0000068', 8);
INSERT INTO `Teckmeb`.`StudentGroup` (`idStudentGroup`, `idStudent`, `idGroup`) VALUES (69, 'p0000069', 8);
INSERT INTO `Teckmeb`.`StudentGroup` (`idStudentGroup`, `idStudent`, `idGroup`) VALUES (70, 'p0000070', 8);
INSERT INTO `Teckmeb`.`StudentGroup` (`idStudentGroup`, `idStudent`, `idGroup`) VALUES (71, 'p0000071', 8);
INSERT INTO `Teckmeb`.`StudentGroup` (`idStudentGroup`, `idStudent`, `idGroup`) VALUES (72, 'p0000072', 8);
INSERT INTO `Teckmeb`.`StudentGroup` (`idStudentGroup`, `idStudent`, `idGroup`) VALUES (73, 'p0000073', 9);
INSERT INTO `Teckmeb`.`StudentGroup` (`idStudentGroup`, `idStudent`, `idGroup`) VALUES (74, 'p0000074', 9);
INSERT INTO `Teckmeb`.`StudentGroup` (`idStudentGroup`, `idStudent`, `idGroup`) VALUES (75, 'p0000075', 9);
INSERT INTO `Teckmeb`.`StudentGroup` (`idStudentGroup`, `idStudent`, `idGroup`) VALUES (76, 'p0000076', 9);
INSERT INTO `Teckmeb`.`StudentGroup` (`idStudentGroup`, `idStudent`, `idGroup`) VALUES (77, 'p0000077', 9);
INSERT INTO `Teckmeb`.`StudentGroup` (`idStudentGroup`, `idStudent`, `idGroup`) VALUES (78, 'p0000078', 9);
INSERT INTO `Teckmeb`.`StudentGroup` (`idStudentGroup`, `idStudent`, `idGroup`) VALUES (79, 'p0000079', 9);
INSERT INTO `Teckmeb`.`StudentGroup` (`idStudentGroup`, `idStudent`, `idGroup`) VALUES (80, 'p0000080', 9);
INSERT INTO `Teckmeb`.`StudentGroup` (`idStudentGroup`, `idStudent`, `idGroup`) VALUES (81, 'p0000081', 9);
INSERT INTO `Teckmeb`.`StudentGroup` (`idStudentGroup`, `idStudent`, `idGroup`) VALUES (82, 'p0000082', 10);
INSERT INTO `Teckmeb`.`StudentGroup` (`idStudentGroup`, `idStudent`, `idGroup`) VALUES (83, 'p0000083', 10);
INSERT INTO `Teckmeb`.`StudentGroup` (`idStudentGroup`, `idStudent`, `idGroup`) VALUES (84, 'p0000084', 10);
INSERT INTO `Teckmeb`.`StudentGroup` (`idStudentGroup`, `idStudent`, `idGroup`) VALUES (85, 'p0000085', 10);
INSERT INTO `Teckmeb`.`StudentGroup` (`idStudentGroup`, `idStudent`, `idGroup`) VALUES (86, 'p0000086', 10);
INSERT INTO `Teckmeb`.`StudentGroup` (`idStudentGroup`, `idStudent`, `idGroup`) VALUES (87, 'p0000087', 10);
INSERT INTO `Teckmeb`.`StudentGroup` (`idStudentGroup`, `idStudent`, `idGroup`) VALUES (88, 'p0000088', 10);
INSERT INTO `Teckmeb`.`StudentGroup` (`idStudentGroup`, `idStudent`, `idGroup`) VALUES (89, 'p0000089', 10);
INSERT INTO `Teckmeb`.`StudentGroup` (`idStudentGroup`, `idStudent`, `idGroup`) VALUES (90, 'p0000090', 10);
INSERT INTO `Teckmeb`.`StudentGroup` (`idStudentGroup`, `idStudent`, `idGroup`) VALUES (91, 'p0000091', 10);
INSERT INTO `Teckmeb`.`StudentGroup` (`idStudentGroup`, `idStudent`, `idGroup`) VALUES (92, 'p0000092', 11);
INSERT INTO `Teckmeb`.`StudentGroup` (`idStudentGroup`, `idStudent`, `idGroup`) VALUES (93, 'p0000093', 11);
INSERT INTO `Teckmeb`.`StudentGroup` (`idStudentGroup`, `idStudent`, `idGroup`) VALUES (94, 'p0000094', 11);
INSERT INTO `Teckmeb`.`StudentGroup` (`idStudentGroup`, `idStudent`, `idGroup`) VALUES (95, 'p0000095', 11);
INSERT INTO `Teckmeb`.`StudentGroup` (`idStudentGroup`, `idStudent`, `idGroup`) VALUES (96, 'p0000096', 11);
INSERT INTO `Teckmeb`.`StudentGroup` (`idStudentGroup`, `idStudent`, `idGroup`) VALUES (97, 'p0000097', 11);
INSERT INTO `Teckmeb`.`StudentGroup` (`idStudentGroup`, `idStudent`, `idGroup`) VALUES (98, 'p0000098', 11);
INSERT INTO `Teckmeb`.`StudentGroup` (`idStudentGroup`, `idStudent`, `idGroup`) VALUES (99, 'p0000099', 11);
INSERT INTO `Teckmeb`.`StudentGroup` (`idStudentGroup`, `idStudent`, `idGroup`) VALUES (100, 'p0000100', 11);

COMMIT;


-- -----------------------------------------------------
-- Data for table `Teckmeb`.`Referent`
-- -----------------------------------------------------
START TRANSACTION;
USE `Teckmeb`;
INSERT INTO `Teckmeb`.`Referent` (`idReferent`, `idTeacher`, `idModule`, `idSemester`) VALUES (1, 1, 2, 1);
INSERT INTO `Teckmeb`.`Referent` (`idReferent`, `idTeacher`, `idModule`, `idSemester`) VALUES (2, 1, 16, 2);
INSERT INTO `Teckmeb`.`Referent` (`idReferent`, `idTeacher`, `idModule`, `idSemester`) VALUES (3, 1, 32, 3);
INSERT INTO `Teckmeb`.`Referent` (`idReferent`, `idTeacher`, `idModule`, `idSemester`) VALUES (4, 1, 46, 4);
INSERT INTO `Teckmeb`.`Referent` (`idReferent`, `idTeacher`, `idModule`, `idSemester`) VALUES (5, 2, 7, 1);
INSERT INTO `Teckmeb`.`Referent` (`idReferent`, `idTeacher`, `idModule`, `idSemester`) VALUES (6, 2, 8, 1);
INSERT INTO `Teckmeb`.`Referent` (`idReferent`, `idTeacher`, `idModule`, `idSemester`) VALUES (7, 2, 21, 2);
INSERT INTO `Teckmeb`.`Referent` (`idReferent`, `idTeacher`, `idModule`, `idSemester`) VALUES (8, 2, 22, 2);
INSERT INTO `Teckmeb`.`Referent` (`idReferent`, `idTeacher`, `idModule`, `idSemester`) VALUES (9, 2, 34, 3);
INSERT INTO `Teckmeb`.`Referent` (`idReferent`, `idTeacher`, `idModule`, `idSemester`) VALUES (10, 2, 35, 3);
INSERT INTO `Teckmeb`.`Referent` (`idReferent`, `idTeacher`, `idModule`, `idSemester`) VALUES (11, 3, 4, 1);
INSERT INTO `Teckmeb`.`Referent` (`idReferent`, `idTeacher`, `idModule`, `idSemester`) VALUES (12, 3, 19, 2);
INSERT INTO `Teckmeb`.`Referent` (`idReferent`, `idTeacher`, `idModule`, `idSemester`) VALUES (13, 3, 33, 3);

COMMIT;


-- -----------------------------------------------------
-- Data for table `Teckmeb`.`SubjectOfModule`
-- -----------------------------------------------------
START TRANSACTION;
USE `Teckmeb`;
INSERT INTO `Teckmeb`.`SubjectOfModule` (`idSubjectOfModule`, `idModule`, `idSubject`) VALUES (1, 1, 1);
INSERT INTO `Teckmeb`.`SubjectOfModule` (`idSubjectOfModule`, `idModule`, `idSubject`) VALUES (2, 1, 2);
INSERT INTO `Teckmeb`.`SubjectOfModule` (`idSubjectOfModule`, `idModule`, `idSubject`) VALUES (3, 1, 3);
INSERT INTO `Teckmeb`.`SubjectOfModule` (`idSubjectOfModule`, `idModule`, `idSubject`) VALUES (4, 2, 4);
INSERT INTO `Teckmeb`.`SubjectOfModule` (`idSubjectOfModule`, `idModule`, `idSubject`) VALUES (5, 2, 5);
INSERT INTO `Teckmeb`.`SubjectOfModule` (`idSubjectOfModule`, `idModule`, `idSubject`) VALUES (6, 3, 6);
INSERT INTO `Teckmeb`.`SubjectOfModule` (`idSubjectOfModule`, `idModule`, `idSubject`) VALUES (7, 3, 7);
INSERT INTO `Teckmeb`.`SubjectOfModule` (`idSubjectOfModule`, `idModule`, `idSubject`) VALUES (8, 4, 8);
INSERT INTO `Teckmeb`.`SubjectOfModule` (`idSubjectOfModule`, `idModule`, `idSubject`) VALUES (9, 4, 9);
INSERT INTO `Teckmeb`.`SubjectOfModule` (`idSubjectOfModule`, `idModule`, `idSubject`) VALUES (10, 5, 10);
INSERT INTO `Teckmeb`.`SubjectOfModule` (`idSubjectOfModule`, `idModule`, `idSubject`) VALUES (11, 5, 11);
INSERT INTO `Teckmeb`.`SubjectOfModule` (`idSubjectOfModule`, `idModule`, `idSubject`) VALUES (12, 6, 12);
INSERT INTO `Teckmeb`.`SubjectOfModule` (`idSubjectOfModule`, `idModule`, `idSubject`) VALUES (13, 7, 13);
INSERT INTO `Teckmeb`.`SubjectOfModule` (`idSubjectOfModule`, `idModule`, `idSubject`) VALUES (14, 8, 14);
INSERT INTO `Teckmeb`.`SubjectOfModule` (`idSubjectOfModule`, `idModule`, `idSubject`) VALUES (15, 9, 15);
INSERT INTO `Teckmeb`.`SubjectOfModule` (`idSubjectOfModule`, `idModule`, `idSubject`) VALUES (16, 10, 16);
INSERT INTO `Teckmeb`.`SubjectOfModule` (`idSubjectOfModule`, `idModule`, `idSubject`) VALUES (17, 11, 17);
INSERT INTO `Teckmeb`.`SubjectOfModule` (`idSubjectOfModule`, `idModule`, `idSubject`) VALUES (18, 12, 18);
INSERT INTO `Teckmeb`.`SubjectOfModule` (`idSubjectOfModule`, `idModule`, `idSubject`) VALUES (19, 13, 19);
INSERT INTO `Teckmeb`.`SubjectOfModule` (`idSubjectOfModule`, `idModule`, `idSubject`) VALUES (20, 14, 20);
INSERT INTO `Teckmeb`.`SubjectOfModule` (`idSubjectOfModule`, `idModule`, `idSubject`) VALUES (21, 15, 21);
INSERT INTO `Teckmeb`.`SubjectOfModule` (`idSubjectOfModule`, `idModule`, `idSubject`) VALUES (22, 16, 22);
INSERT INTO `Teckmeb`.`SubjectOfModule` (`idSubjectOfModule`, `idModule`, `idSubject`) VALUES (23, 16, 23);
INSERT INTO `Teckmeb`.`SubjectOfModule` (`idSubjectOfModule`, `idModule`, `idSubject`) VALUES (24, 17, 24);
INSERT INTO `Teckmeb`.`SubjectOfModule` (`idSubjectOfModule`, `idModule`, `idSubject`) VALUES (25, 17, 25);
INSERT INTO `Teckmeb`.`SubjectOfModule` (`idSubjectOfModule`, `idModule`, `idSubject`) VALUES (26, 18, 26);
INSERT INTO `Teckmeb`.`SubjectOfModule` (`idSubjectOfModule`, `idModule`, `idSubject`) VALUES (27, 18, 27);
INSERT INTO `Teckmeb`.`SubjectOfModule` (`idSubjectOfModule`, `idModule`, `idSubject`) VALUES (28, 19, 28);
INSERT INTO `Teckmeb`.`SubjectOfModule` (`idSubjectOfModule`, `idModule`, `idSubject`) VALUES (29, 20, 29);
INSERT INTO `Teckmeb`.`SubjectOfModule` (`idSubjectOfModule`, `idModule`, `idSubject`) VALUES (30, 21, 30);
INSERT INTO `Teckmeb`.`SubjectOfModule` (`idSubjectOfModule`, `idModule`, `idSubject`) VALUES (31, 22, 31);
INSERT INTO `Teckmeb`.`SubjectOfModule` (`idSubjectOfModule`, `idModule`, `idSubject`) VALUES (32, 23, 32);
INSERT INTO `Teckmeb`.`SubjectOfModule` (`idSubjectOfModule`, `idModule`, `idSubject`) VALUES (33, 24, 33);
INSERT INTO `Teckmeb`.`SubjectOfModule` (`idSubjectOfModule`, `idModule`, `idSubject`) VALUES (34, 24, 34);
INSERT INTO `Teckmeb`.`SubjectOfModule` (`idSubjectOfModule`, `idModule`, `idSubject`) VALUES (35, 25, 35);
INSERT INTO `Teckmeb`.`SubjectOfModule` (`idSubjectOfModule`, `idModule`, `idSubject`) VALUES (36, 26, 36);
INSERT INTO `Teckmeb`.`SubjectOfModule` (`idSubjectOfModule`, `idModule`, `idSubject`) VALUES (37, 27, 37);
INSERT INTO `Teckmeb`.`SubjectOfModule` (`idSubjectOfModule`, `idModule`, `idSubject`) VALUES (38, 28, 38);
INSERT INTO `Teckmeb`.`SubjectOfModule` (`idSubjectOfModule`, `idModule`, `idSubject`) VALUES (39, 28, 39);
INSERT INTO `Teckmeb`.`SubjectOfModule` (`idSubjectOfModule`, `idModule`, `idSubject`) VALUES (40, 29, 40);
INSERT INTO `Teckmeb`.`SubjectOfModule` (`idSubjectOfModule`, `idModule`, `idSubject`) VALUES (41, 30, 41);
INSERT INTO `Teckmeb`.`SubjectOfModule` (`idSubjectOfModule`, `idModule`, `idSubject`) VALUES (42, 31, 42);
INSERT INTO `Teckmeb`.`SubjectOfModule` (`idSubjectOfModule`, `idModule`, `idSubject`) VALUES (43, 31, 43);
INSERT INTO `Teckmeb`.`SubjectOfModule` (`idSubjectOfModule`, `idModule`, `idSubject`) VALUES (44, 32, 44);
INSERT INTO `Teckmeb`.`SubjectOfModule` (`idSubjectOfModule`, `idModule`, `idSubject`) VALUES (45, 33, 45);
INSERT INTO `Teckmeb`.`SubjectOfModule` (`idSubjectOfModule`, `idModule`, `idSubject`) VALUES (46, 34, 46);
INSERT INTO `Teckmeb`.`SubjectOfModule` (`idSubjectOfModule`, `idModule`, `idSubject`) VALUES (47, 35, 47);
INSERT INTO `Teckmeb`.`SubjectOfModule` (`idSubjectOfModule`, `idModule`, `idSubject`) VALUES (48, 36, 48);
INSERT INTO `Teckmeb`.`SubjectOfModule` (`idSubjectOfModule`, `idModule`, `idSubject`) VALUES (49, 37, 49);
INSERT INTO `Teckmeb`.`SubjectOfModule` (`idSubjectOfModule`, `idModule`, `idSubject`) VALUES (50, 37, 50);
INSERT INTO `Teckmeb`.`SubjectOfModule` (`idSubjectOfModule`, `idModule`, `idSubject`) VALUES (51, 38, 51);
INSERT INTO `Teckmeb`.`SubjectOfModule` (`idSubjectOfModule`, `idModule`, `idSubject`) VALUES (52, 39, 52);
INSERT INTO `Teckmeb`.`SubjectOfModule` (`idSubjectOfModule`, `idModule`, `idSubject`) VALUES (53, 40, 53);
INSERT INTO `Teckmeb`.`SubjectOfModule` (`idSubjectOfModule`, `idModule`, `idSubject`) VALUES (54, 40, 54);
INSERT INTO `Teckmeb`.`SubjectOfModule` (`idSubjectOfModule`, `idModule`, `idSubject`) VALUES (55, 41, 55);
INSERT INTO `Teckmeb`.`SubjectOfModule` (`idSubjectOfModule`, `idModule`, `idSubject`) VALUES (56, 42, 56);

COMMIT;


-- -----------------------------------------------------
-- Data for table `Teckmeb`.`ModuleOfTeachingUnit`
-- -----------------------------------------------------
START TRANSACTION;
USE `Teckmeb`;
INSERT INTO `Teckmeb`.`ModuleOfTeachingUnit` (`idModuleOfTeachingUnit`, `idTeachingUnit`, `idModule`) VALUES (1, 1, 1);
INSERT INTO `Teckmeb`.`ModuleOfTeachingUnit` (`idModuleOfTeachingUnit`, `idTeachingUnit`, `idModule`) VALUES (2, 1, 2);
INSERT INTO `Teckmeb`.`ModuleOfTeachingUnit` (`idModuleOfTeachingUnit`, `idTeachingUnit`, `idModule`) VALUES (3, 1, 3);
INSERT INTO `Teckmeb`.`ModuleOfTeachingUnit` (`idModuleOfTeachingUnit`, `idTeachingUnit`, `idModule`) VALUES (4, 1, 4);
INSERT INTO `Teckmeb`.`ModuleOfTeachingUnit` (`idModuleOfTeachingUnit`, `idTeachingUnit`, `idModule`) VALUES (5, 1, 5);
INSERT INTO `Teckmeb`.`ModuleOfTeachingUnit` (`idModuleOfTeachingUnit`, `idTeachingUnit`, `idModule`) VALUES (6, 1, 6);
INSERT INTO `Teckmeb`.`ModuleOfTeachingUnit` (`idModuleOfTeachingUnit`, `idTeachingUnit`, `idModule`) VALUES (7, 2, 7);
INSERT INTO `Teckmeb`.`ModuleOfTeachingUnit` (`idModuleOfTeachingUnit`, `idTeachingUnit`, `idModule`) VALUES (8, 2, 8);
INSERT INTO `Teckmeb`.`ModuleOfTeachingUnit` (`idModuleOfTeachingUnit`, `idTeachingUnit`, `idModule`) VALUES (9, 2, 9);
INSERT INTO `Teckmeb`.`ModuleOfTeachingUnit` (`idModuleOfTeachingUnit`, `idTeachingUnit`, `idModule`) VALUES (10, 2, 10);
INSERT INTO `Teckmeb`.`ModuleOfTeachingUnit` (`idModuleOfTeachingUnit`, `idTeachingUnit`, `idModule`) VALUES (11, 2, 11);
INSERT INTO `Teckmeb`.`ModuleOfTeachingUnit` (`idModuleOfTeachingUnit`, `idTeachingUnit`, `idModule`) VALUES (12, 2, 12);
INSERT INTO `Teckmeb`.`ModuleOfTeachingUnit` (`idModuleOfTeachingUnit`, `idTeachingUnit`, `idModule`) VALUES (13, 2, 13);
INSERT INTO `Teckmeb`.`ModuleOfTeachingUnit` (`idModuleOfTeachingUnit`, `idTeachingUnit`, `idModule`) VALUES (14, 3, 14);
INSERT INTO `Teckmeb`.`ModuleOfTeachingUnit` (`idModuleOfTeachingUnit`, `idTeachingUnit`, `idModule`) VALUES (15, 3, 15);
INSERT INTO `Teckmeb`.`ModuleOfTeachingUnit` (`idModuleOfTeachingUnit`, `idTeachingUnit`, `idModule`) VALUES (16, 3, 16);
INSERT INTO `Teckmeb`.`ModuleOfTeachingUnit` (`idModuleOfTeachingUnit`, `idTeachingUnit`, `idModule`) VALUES (17, 3, 17);
INSERT INTO `Teckmeb`.`ModuleOfTeachingUnit` (`idModuleOfTeachingUnit`, `idTeachingUnit`, `idModule`) VALUES (18, 3, 18);
INSERT INTO `Teckmeb`.`ModuleOfTeachingUnit` (`idModuleOfTeachingUnit`, `idTeachingUnit`, `idModule`) VALUES (19, 3, 19);
INSERT INTO `Teckmeb`.`ModuleOfTeachingUnit` (`idModuleOfTeachingUnit`, `idTeachingUnit`, `idModule`) VALUES (20, 3, 20);
INSERT INTO `Teckmeb`.`ModuleOfTeachingUnit` (`idModuleOfTeachingUnit`, `idTeachingUnit`, `idModule`) VALUES (21, 4, 21);
INSERT INTO `Teckmeb`.`ModuleOfTeachingUnit` (`idModuleOfTeachingUnit`, `idTeachingUnit`, `idModule`) VALUES (22, 4, 22);
INSERT INTO `Teckmeb`.`ModuleOfTeachingUnit` (`idModuleOfTeachingUnit`, `idTeachingUnit`, `idModule`) VALUES (23, 4, 23);
INSERT INTO `Teckmeb`.`ModuleOfTeachingUnit` (`idModuleOfTeachingUnit`, `idTeachingUnit`, `idModule`) VALUES (24, 4, 24);
INSERT INTO `Teckmeb`.`ModuleOfTeachingUnit` (`idModuleOfTeachingUnit`, `idTeachingUnit`, `idModule`) VALUES (25, 4, 25);
INSERT INTO `Teckmeb`.`ModuleOfTeachingUnit` (`idModuleOfTeachingUnit`, `idTeachingUnit`, `idModule`) VALUES (26, 4, 26);
INSERT INTO `Teckmeb`.`ModuleOfTeachingUnit` (`idModuleOfTeachingUnit`, `idTeachingUnit`, `idModule`) VALUES (27, 4, 27);
INSERT INTO `Teckmeb`.`ModuleOfTeachingUnit` (`idModuleOfTeachingUnit`, `idTeachingUnit`, `idModule`) VALUES (28, 5, 28);
INSERT INTO `Teckmeb`.`ModuleOfTeachingUnit` (`idModuleOfTeachingUnit`, `idTeachingUnit`, `idModule`) VALUES (29, 5, 29);
INSERT INTO `Teckmeb`.`ModuleOfTeachingUnit` (`idModuleOfTeachingUnit`, `idTeachingUnit`, `idModule`) VALUES (30, 5, 30);
INSERT INTO `Teckmeb`.`ModuleOfTeachingUnit` (`idModuleOfTeachingUnit`, `idTeachingUnit`, `idModule`) VALUES (31, 5, 31);
INSERT INTO `Teckmeb`.`ModuleOfTeachingUnit` (`idModuleOfTeachingUnit`, `idTeachingUnit`, `idModule`) VALUES (32, 5, 32);
INSERT INTO `Teckmeb`.`ModuleOfTeachingUnit` (`idModuleOfTeachingUnit`, `idTeachingUnit`, `idModule`) VALUES (33, 5, 33);
INSERT INTO `Teckmeb`.`ModuleOfTeachingUnit` (`idModuleOfTeachingUnit`, `idTeachingUnit`, `idModule`) VALUES (34, 6, 34);
INSERT INTO `Teckmeb`.`ModuleOfTeachingUnit` (`idModuleOfTeachingUnit`, `idTeachingUnit`, `idModule`) VALUES (35, 6, 35);
INSERT INTO `Teckmeb`.`ModuleOfTeachingUnit` (`idModuleOfTeachingUnit`, `idTeachingUnit`, `idModule`) VALUES (36, 6, 36);
INSERT INTO `Teckmeb`.`ModuleOfTeachingUnit` (`idModuleOfTeachingUnit`, `idTeachingUnit`, `idModule`) VALUES (37, 6, 37);
INSERT INTO `Teckmeb`.`ModuleOfTeachingUnit` (`idModuleOfTeachingUnit`, `idTeachingUnit`, `idModule`) VALUES (38, 6, 38);
INSERT INTO `Teckmeb`.`ModuleOfTeachingUnit` (`idModuleOfTeachingUnit`, `idTeachingUnit`, `idModule`) VALUES (39, 6, 39);
INSERT INTO `Teckmeb`.`ModuleOfTeachingUnit` (`idModuleOfTeachingUnit`, `idTeachingUnit`, `idModule`) VALUES (40, 7, 40);
INSERT INTO `Teckmeb`.`ModuleOfTeachingUnit` (`idModuleOfTeachingUnit`, `idTeachingUnit`, `idModule`) VALUES (41, 7, 41);
INSERT INTO `Teckmeb`.`ModuleOfTeachingUnit` (`idModuleOfTeachingUnit`, `idTeachingUnit`, `idModule`) VALUES (42, 7, 42);
INSERT INTO `Teckmeb`.`ModuleOfTeachingUnit` (`idModuleOfTeachingUnit`, `idTeachingUnit`, `idModule`) VALUES (43, 8, 43);
INSERT INTO `Teckmeb`.`ModuleOfTeachingUnit` (`idModuleOfTeachingUnit`, `idTeachingUnit`, `idModule`) VALUES (44, 8, 44);
INSERT INTO `Teckmeb`.`ModuleOfTeachingUnit` (`idModuleOfTeachingUnit`, `idTeachingUnit`, `idModule`) VALUES (45, 8, 45);
INSERT INTO `Teckmeb`.`ModuleOfTeachingUnit` (`idModuleOfTeachingUnit`, `idTeachingUnit`, `idModule`) VALUES (46, 8, 46);
INSERT INTO `Teckmeb`.`ModuleOfTeachingUnit` (`idModuleOfTeachingUnit`, `idTeachingUnit`, `idModule`) VALUES (47, 8, 47);
INSERT INTO `Teckmeb`.`ModuleOfTeachingUnit` (`idModuleOfTeachingUnit`, `idTeachingUnit`, `idModule`) VALUES (48, 8, 48);
INSERT INTO `Teckmeb`.`ModuleOfTeachingUnit` (`idModuleOfTeachingUnit`, `idTeachingUnit`, `idModule`) VALUES (49, 9, 49);
INSERT INTO `Teckmeb`.`ModuleOfTeachingUnit` (`idModuleOfTeachingUnit`, `idTeachingUnit`, `idModule`) VALUES (50, 9, 50);
INSERT INTO `Teckmeb`.`ModuleOfTeachingUnit` (`idModuleOfTeachingUnit`, `idTeachingUnit`, `idModule`) VALUES (51, 9, 51);
INSERT INTO `Teckmeb`.`ModuleOfTeachingUnit` (`idModuleOfTeachingUnit`, `idTeachingUnit`, `idModule`) VALUES (52, 9, 52);
INSERT INTO `Teckmeb`.`ModuleOfTeachingUnit` (`idModuleOfTeachingUnit`, `idTeachingUnit`, `idModule`) VALUES (53, 10, 53);

COMMIT;


-- -----------------------------------------------------
-- Data for table `Teckmeb`.`Answer`
-- -----------------------------------------------------
START TRANSACTION;
USE `Teckmeb`;
INSERT INTO `Teckmeb`.`Answer` (`idAnswer`, `idQuestion`, `content`, `answerDate`, `teacher`) VALUES (1, 18, 'libero et tristique pellentesque, tellus sem mollis dui, in sodales elit erat vitae risus. Duis a mi fringilla mi lacinia mattis. Integer eu lacus.', DEFAULT, 1);
INSERT INTO `Teckmeb`.`Answer` (`idAnswer`, `idQuestion`, `content`, `answerDate`, `teacher`) VALUES (2, 29, 'Fusce mi lorem, vehicula et, rutrum eu, ultrices sit amet, risus. Donec nibh enim, gravida sit amet, dapibus id, blandit at, nisi.', DEFAULT, 0);
INSERT INTO `Teckmeb`.`Answer` (`idAnswer`, `idQuestion`, `content`, `answerDate`, `teacher`) VALUES (3, 50, 'mi enim, condimentum eget, volutpat ornare, facilisis eget, ipsum. Donec sollicitudin adipiscing ligula. Aenean gravida nunc sed pede. Cum sociis natoque penatibus et magnis dis parturient montes,', DEFAULT, 0);
INSERT INTO `Teckmeb`.`Answer` (`idAnswer`, `idQuestion`, `content`, `answerDate`, `teacher`) VALUES (4, 44, 'ultrices. Vivamus rhoncus. Donec est. Nunc ullamcorper, velit in aliquet lobortis, nisi nibh lacinia orci, consectetuer euismod est arcu ac orci. Ut semper', DEFAULT, 0);
INSERT INTO `Teckmeb`.`Answer` (`idAnswer`, `idQuestion`, `content`, `answerDate`, `teacher`) VALUES (5, 27, 'velit. Cras lorem lorem, luctus ut, pellentesque eget, dictum placerat, augue. Sed molestie. Sed id risus quis diam luctus lobortis. Class aptent', DEFAULT, 1);
INSERT INTO `Teckmeb`.`Answer` (`idAnswer`, `idQuestion`, `content`, `answerDate`, `teacher`) VALUES (6, 40, 'sagittis placerat. Cras dictum ultricies ligula. Nullam enim. Sed nulla ante, iaculis nec, eleifend non, dapibus rutrum, justo. Praesent luctus. Curabitur egestas nunc', DEFAULT, 0);
INSERT INTO `Teckmeb`.`Answer` (`idAnswer`, `idQuestion`, `content`, `answerDate`, `teacher`) VALUES (7, 25, 'Donec porttitor tellus non magna. Nam ligula elit, pretium et, rutrum non, hendrerit id, ante.', DEFAULT, 1);
INSERT INTO `Teckmeb`.`Answer` (`idAnswer`, `idQuestion`, `content`, `answerDate`, `teacher`) VALUES (8, 38, 'viverra. Maecenas iaculis aliquet diam. Sed diam lorem, auctor quis, tristique ac, eleifend vitae, erat. Vivamus nisi. Mauris nulla. Integer urna. Vivamus molestie dapibus ligula. Aliquam erat volutpat. Nulla dignissim.', DEFAULT, 1);
INSERT INTO `Teckmeb`.`Answer` (`idAnswer`, `idQuestion`, `content`, `answerDate`, `teacher`) VALUES (9, 44, 'et ultrices posuere cubilia Curae; Donec tincidunt. Donec vitae erat vel pede blandit congue. In scelerisque scelerisque dui. Suspendisse ac metus vitae', DEFAULT, 0);
INSERT INTO `Teckmeb`.`Answer` (`idAnswer`, `idQuestion`, `content`, `answerDate`, `teacher`) VALUES (10, 39, 'placerat eget, venenatis a, magna. Lorem ipsum dolor sit amet, consectetuer adipiscing elit. Etiam laoreet, libero et tristique pellentesque, tellus sem', DEFAULT, 1);
INSERT INTO `Teckmeb`.`Answer` (`idAnswer`, `idQuestion`, `content`, `answerDate`, `teacher`) VALUES (11, 4, 'amet luctus vulputate, nisi sem semper erat, in consectetuer ipsum nunc id enim. Curabitur massa. Vestibulum accumsan neque et nunc. Quisque ornare tortor at risus. Nunc ac sem', DEFAULT, 1);
INSERT INTO `Teckmeb`.`Answer` (`idAnswer`, `idQuestion`, `content`, `answerDate`, `teacher`) VALUES (12, 6, 'diam. Proin dolor. Nulla semper tellus id nunc interdum feugiat. Sed nec metus facilisis lorem tristique aliquet. Phasellus fermentum convallis ligula. Donec luctus aliquet odio. Etiam ligula tortor, dictum eu,', DEFAULT, 0);
INSERT INTO `Teckmeb`.`Answer` (`idAnswer`, `idQuestion`, `content`, `answerDate`, `teacher`) VALUES (13, 29, 'risus. In mi pede, nonummy ut, molestie in, tempus eu, ligula. Aenean euismod mauris eu elit. Nulla facilisi. Sed neque.', DEFAULT, 0);
INSERT INTO `Teckmeb`.`Answer` (`idAnswer`, `idQuestion`, `content`, `answerDate`, `teacher`) VALUES (14, 16, 'Nam ac nulla. In tincidunt congue turpis. In condimentum. Donec at arcu. Vestibulum ante ipsum primis in faucibus orci luctus et ultrices posuere cubilia Curae; Donec tincidunt. Donec', DEFAULT, 0);
INSERT INTO `Teckmeb`.`Answer` (`idAnswer`, `idQuestion`, `content`, `answerDate`, `teacher`) VALUES (15, 2, 'Quisque porttitor eros nec tellus. Nunc lectus pede, ultrices a, auctor non, feugiat nec, diam. Duis mi enim, condimentum eget, volutpat ornare, facilisis eget, ipsum. Donec sollicitudin adipiscing ligula. Aenean', DEFAULT, 1);
INSERT INTO `Teckmeb`.`Answer` (`idAnswer`, `idQuestion`, `content`, `answerDate`, `teacher`) VALUES (16, 7, 'interdum. Nunc sollicitudin commodo ipsum. Suspendisse non leo. Vivamus nibh dolor, nonummy ac, feugiat non, lobortis quis, pede. Suspendisse dui. Fusce diam nunc, ullamcorper eu, euismod ac,', DEFAULT, 0);
INSERT INTO `Teckmeb`.`Answer` (`idAnswer`, `idQuestion`, `content`, `answerDate`, `teacher`) VALUES (17, 34, 'Praesent eu dui. Cum sociis natoque penatibus et magnis dis parturient montes, nascetur ridiculus mus. Aenean eget magna. Suspendisse tristique neque venenatis lacus.', DEFAULT, 0);
INSERT INTO `Teckmeb`.`Answer` (`idAnswer`, `idQuestion`, `content`, `answerDate`, `teacher`) VALUES (18, 42, 'at pede. Cras vulputate velit eu sem. Pellentesque ut ipsum ac mi eleifend egestas. Sed pharetra, felis eget varius ultrices, mauris', DEFAULT, 1);
INSERT INTO `Teckmeb`.`Answer` (`idAnswer`, `idQuestion`, `content`, `answerDate`, `teacher`) VALUES (19, 7, 'eget odio. Aliquam vulputate ullamcorper magna. Sed eu eros. Nam consequat dolor vitae dolor. Donec fringilla. Donec feugiat metus sit amet ante. Vivamus non lorem vitae odio', DEFAULT, 0);
INSERT INTO `Teckmeb`.`Answer` (`idAnswer`, `idQuestion`, `content`, `answerDate`, `teacher`) VALUES (20, 9, 'non dui nec urna suscipit nonummy. Fusce fermentum fermentum arcu.', DEFAULT, 1);
INSERT INTO `Teckmeb`.`Answer` (`idAnswer`, `idQuestion`, `content`, `answerDate`, `teacher`) VALUES (21, 38, 'magna a neque. Nullam ut nisi a odio semper cursus. Integer mollis. Integer tincidunt aliquam arcu. Aliquam ultrices iaculis odio. Nam interdum enim non nisi. Aenean eget metus. In nec', DEFAULT, 1);
INSERT INTO `Teckmeb`.`Answer` (`idAnswer`, `idQuestion`, `content`, `answerDate`, `teacher`) VALUES (22, 3, 'eget odio. Aliquam vulputate ullamcorper magna. Sed eu eros. Nam consequat dolor vitae dolor. Donec fringilla. Donec feugiat metus sit amet', DEFAULT, 0);
INSERT INTO `Teckmeb`.`Answer` (`idAnswer`, `idQuestion`, `content`, `answerDate`, `teacher`) VALUES (23, 7, 'consequat auctor, nunc nulla vulputate dui, nec tempus mauris erat eget ipsum. Suspendisse sagittis. Nullam vitae diam. Proin dolor. Nulla semper tellus id nunc', DEFAULT, 1);
INSERT INTO `Teckmeb`.`Answer` (`idAnswer`, `idQuestion`, `content`, `answerDate`, `teacher`) VALUES (24, 23, 'pellentesque, tellus sem mollis dui, in sodales elit erat vitae risus. Duis a mi fringilla mi lacinia mattis. Integer eu lacus. Quisque imperdiet, erat nonummy ultricies ornare, elit elit', DEFAULT, 0);
INSERT INTO `Teckmeb`.`Answer` (`idAnswer`, `idQuestion`, `content`, `answerDate`, `teacher`) VALUES (25, 1, 'nisi sem semper erat, in consectetuer ipsum nunc id enim. Curabitur massa. Vestibulum accumsan neque et nunc. Quisque ornare tortor at risus. Nunc', DEFAULT, 0);
INSERT INTO `Teckmeb`.`Answer` (`idAnswer`, `idQuestion`, `content`, `answerDate`, `teacher`) VALUES (26, 19, 'tempor arcu. Vestibulum ut eros non enim commodo hendrerit. Donec porttitor tellus non', DEFAULT, 0);
INSERT INTO `Teckmeb`.`Answer` (`idAnswer`, `idQuestion`, `content`, `answerDate`, `teacher`) VALUES (27, 47, 'magna sed dui. Fusce aliquam, enim nec tempus scelerisque, lorem ipsum sodales purus, in molestie tortor nibh sit amet', DEFAULT, 0);
INSERT INTO `Teckmeb`.`Answer` (`idAnswer`, `idQuestion`, `content`, `answerDate`, `teacher`) VALUES (28, 39, 'libero mauris, aliquam eu, accumsan sed, facilisis vitae, orci. Phasellus dapibus quam quis diam. Pellentesque habitant morbi tristique senectus et netus et malesuada fames', DEFAULT, 0);
INSERT INTO `Teckmeb`.`Answer` (`idAnswer`, `idQuestion`, `content`, `answerDate`, `teacher`) VALUES (29, 12, 'sed, est. Nunc laoreet lectus quis massa. Mauris vestibulum, neque sed dictum eleifend, nunc risus varius orci, in consequat enim diam vel arcu. Curabitur ut odio', DEFAULT, 1);
INSERT INTO `Teckmeb`.`Answer` (`idAnswer`, `idQuestion`, `content`, `answerDate`, `teacher`) VALUES (30, 24, 'iaculis, lacus pede sagittis augue, eu tempor erat neque non quam. Pellentesque habitant morbi tristique senectus et', DEFAULT, 1);
INSERT INTO `Teckmeb`.`Answer` (`idAnswer`, `idQuestion`, `content`, `answerDate`, `teacher`) VALUES (31, 45, 'vitae aliquam eros turpis non enim. Mauris quis turpis vitae purus gravida sagittis. Duis', DEFAULT, 0);
INSERT INTO `Teckmeb`.`Answer` (`idAnswer`, `idQuestion`, `content`, `answerDate`, `teacher`) VALUES (32, 36, 'a purus. Duis elementum, dui quis accumsan convallis, ante lectus convallis est, vitae sodales nisi magna sed dui. Fusce aliquam, enim', DEFAULT, 0);
INSERT INTO `Teckmeb`.`Answer` (`idAnswer`, `idQuestion`, `content`, `answerDate`, `teacher`) VALUES (33, 16, 'Quisque varius. Nam porttitor scelerisque neque. Nullam nisl. Maecenas malesuada fringilla est. Mauris eu turpis. Nulla aliquet. Proin velit. Sed malesuada augue ut lacus. Nulla tincidunt,', DEFAULT, 1);
INSERT INTO `Teckmeb`.`Answer` (`idAnswer`, `idQuestion`, `content`, `answerDate`, `teacher`) VALUES (34, 26, 'feugiat tellus lorem eu metus. In lorem. Donec elementum, lorem ut aliquam iaculis, lacus pede sagittis augue, eu tempor erat neque non quam. Pellentesque habitant morbi tristique senectus et', DEFAULT, 1);
INSERT INTO `Teckmeb`.`Answer` (`idAnswer`, `idQuestion`, `content`, `answerDate`, `teacher`) VALUES (35, 43, 'dolor sit amet, consectetuer adipiscing elit. Aliquam auctor, velit eget', DEFAULT, 0);
INSERT INTO `Teckmeb`.`Answer` (`idAnswer`, `idQuestion`, `content`, `answerDate`, `teacher`) VALUES (36, 42, 'mi fringilla mi lacinia mattis. Integer eu lacus. Quisque imperdiet, erat nonummy ultricies ornare, elit elit fermentum risus, at fringilla', DEFAULT, 1);
INSERT INTO `Teckmeb`.`Answer` (`idAnswer`, `idQuestion`, `content`, `answerDate`, `teacher`) VALUES (37, 10, 'Nunc pulvinar arcu et pede. Nunc sed orci lobortis augue scelerisque mollis. Phasellus libero mauris, aliquam eu, accumsan sed, facilisis vitae, orci. Phasellus dapibus', DEFAULT, 0);
INSERT INTO `Teckmeb`.`Answer` (`idAnswer`, `idQuestion`, `content`, `answerDate`, `teacher`) VALUES (38, 25, 'cursus a, enim. Suspendisse aliquet, sem ut cursus luctus, ipsum', DEFAULT, 0);
INSERT INTO `Teckmeb`.`Answer` (`idAnswer`, `idQuestion`, `content`, `answerDate`, `teacher`) VALUES (39, 29, 'sed libero. Proin sed turpis nec mauris blandit mattis. Cras eget nisi dictum augue malesuada malesuada. Integer id magna et ipsum cursus vestibulum.', DEFAULT, 1);
INSERT INTO `Teckmeb`.`Answer` (`idAnswer`, `idQuestion`, `content`, `answerDate`, `teacher`) VALUES (40, 33, 'dis parturient montes, nascetur ridiculus mus. Proin vel arcu eu odio tristique pharetra. Quisque ac libero nec', DEFAULT, 0);
INSERT INTO `Teckmeb`.`Answer` (`idAnswer`, `idQuestion`, `content`, `answerDate`, `teacher`) VALUES (41, 16, 'ornare, libero at auctor ullamcorper, nisl arcu iaculis enim, sit amet ornare lectus justo eu arcu. Morbi sit amet massa. Quisque porttitor eros nec tellus. Nunc lectus', DEFAULT, 0);
INSERT INTO `Teckmeb`.`Answer` (`idAnswer`, `idQuestion`, `content`, `answerDate`, `teacher`) VALUES (42, 12, 'posuere at, velit. Cras lorem lorem, luctus ut, pellentesque eget, dictum placerat, augue.', DEFAULT, 1);
INSERT INTO `Teckmeb`.`Answer` (`idAnswer`, `idQuestion`, `content`, `answerDate`, `teacher`) VALUES (43, 17, 'placerat, orci lacus vestibulum lorem, sit amet ultricies sem magna nec quam. Curabitur vel lectus. Cum sociis natoque', DEFAULT, 1);
INSERT INTO `Teckmeb`.`Answer` (`idAnswer`, `idQuestion`, `content`, `answerDate`, `teacher`) VALUES (44, 4, 'vel, vulputate eu, odio. Phasellus at augue id ante dictum cursus. Nunc mauris elit, dictum eu, eleifend nec, malesuada ut, sem. Nulla interdum. Curabitur dictum. Phasellus in', DEFAULT, 1);
INSERT INTO `Teckmeb`.`Answer` (`idAnswer`, `idQuestion`, `content`, `answerDate`, `teacher`) VALUES (45, 2, 'ipsum primis in faucibus orci luctus et ultrices posuere cubilia Curae; Phasellus', DEFAULT, 1);
INSERT INTO `Teckmeb`.`Answer` (`idAnswer`, `idQuestion`, `content`, `answerDate`, `teacher`) VALUES (46, 39, 'lectus sit amet luctus vulputate, nisi sem semper erat, in consectetuer ipsum nunc id enim. Curabitur', DEFAULT, 0);
INSERT INTO `Teckmeb`.`Answer` (`idAnswer`, `idQuestion`, `content`, `answerDate`, `teacher`) VALUES (47, 38, 'id nunc interdum feugiat. Sed nec metus facilisis lorem tristique aliquet. Phasellus fermentum convallis ligula. Donec', DEFAULT, 0);
INSERT INTO `Teckmeb`.`Answer` (`idAnswer`, `idQuestion`, `content`, `answerDate`, `teacher`) VALUES (48, 35, 'porttitor tellus non magna. Nam ligula elit, pretium et, rutrum non, hendrerit id, ante. Nunc mauris sapien, cursus in, hendrerit consectetuer, cursus et, magna. Praesent interdum ligula eu enim.', DEFAULT, 1);
INSERT INTO `Teckmeb`.`Answer` (`idAnswer`, `idQuestion`, `content`, `answerDate`, `teacher`) VALUES (49, 39, 'Aliquam vulputate ullamcorper magna. Sed eu eros. Nam consequat dolor vitae dolor. Donec fringilla. Donec feugiat metus', DEFAULT, 0);
INSERT INTO `Teckmeb`.`Answer` (`idAnswer`, `idQuestion`, `content`, `answerDate`, `teacher`) VALUES (50, 1, 'augue porttitor interdum. Sed auctor odio a purus. Duis elementum, dui quis accumsan convallis, ante lectus convallis est, vitae', DEFAULT, 0);
INSERT INTO `Teckmeb`.`Answer` (`idAnswer`, `idQuestion`, `content`, `answerDate`, `teacher`) VALUES (51, 15, 'sem ut dolor dapibus gravida. Aliquam tincidunt, nunc ac mattis ornare, lectus ante dictum mi, ac mattis velit justo nec ante. Maecenas mi felis, adipiscing fringilla, porttitor', DEFAULT, 0);
INSERT INTO `Teckmeb`.`Answer` (`idAnswer`, `idQuestion`, `content`, `answerDate`, `teacher`) VALUES (52, 47, 'a feugiat tellus lorem eu metus. In lorem. Donec elementum, lorem ut aliquam iaculis, lacus pede sagittis augue, eu tempor erat neque non quam. Pellentesque habitant', DEFAULT, 0);
INSERT INTO `Teckmeb`.`Answer` (`idAnswer`, `idQuestion`, `content`, `answerDate`, `teacher`) VALUES (53, 32, 'tellus. Suspendisse sed dolor. Fusce mi lorem, vehicula et, rutrum eu, ultrices sit amet, risus. Donec nibh enim, gravida sit amet, dapibus id,', DEFAULT, 1);
INSERT INTO `Teckmeb`.`Answer` (`idAnswer`, `idQuestion`, `content`, `answerDate`, `teacher`) VALUES (54, 29, 'Mauris eu turpis. Nulla aliquet. Proin velit. Sed malesuada augue ut lacus. Nulla tincidunt, neque vitae semper egestas, urna justo faucibus lectus, a sollicitudin orci sem eget massa. Suspendisse', DEFAULT, 1);
INSERT INTO `Teckmeb`.`Answer` (`idAnswer`, `idQuestion`, `content`, `answerDate`, `teacher`) VALUES (55, 27, 'sem ut dolor dapibus gravida. Aliquam tincidunt, nunc ac mattis ornare, lectus ante dictum mi, ac mattis velit justo nec ante.', DEFAULT, 0);
INSERT INTO `Teckmeb`.`Answer` (`idAnswer`, `idQuestion`, `content`, `answerDate`, `teacher`) VALUES (56, 38, 'sodales. Mauris blandit enim consequat purus. Maecenas libero est, congue a, aliquet vel, vulputate eu, odio. Phasellus at augue id ante dictum cursus. Nunc mauris', DEFAULT, 0);
INSERT INTO `Teckmeb`.`Answer` (`idAnswer`, `idQuestion`, `content`, `answerDate`, `teacher`) VALUES (57, 36, 'vulputate velit eu sem. Pellentesque ut ipsum ac mi eleifend egestas.', DEFAULT, 0);
INSERT INTO `Teckmeb`.`Answer` (`idAnswer`, `idQuestion`, `content`, `answerDate`, `teacher`) VALUES (58, 33, 'arcu et pede. Nunc sed orci lobortis augue scelerisque mollis. Phasellus libero mauris, aliquam eu, accumsan', DEFAULT, 0);
INSERT INTO `Teckmeb`.`Answer` (`idAnswer`, `idQuestion`, `content`, `answerDate`, `teacher`) VALUES (59, 38, 'turpis. Aliquam adipiscing lobortis risus. In mi pede, nonummy ut, molestie in, tempus eu, ligula. Aenean euismod mauris eu elit. Nulla facilisi. Sed neque. Sed eget lacus. Mauris non', DEFAULT, 1);
INSERT INTO `Teckmeb`.`Answer` (`idAnswer`, `idQuestion`, `content`, `answerDate`, `teacher`) VALUES (60, 5, 'bibendum. Donec felis orci, adipiscing non, luctus sit amet, faucibus ut, nulla. Cras eu tellus eu augue porttitor interdum. Sed auctor odio a purus. Duis elementum, dui quis', DEFAULT, 1);
INSERT INTO `Teckmeb`.`Answer` (`idAnswer`, `idQuestion`, `content`, `answerDate`, `teacher`) VALUES (61, 15, 'sed sem egestas blandit. Nam nulla magna, malesuada vel, convallis in, cursus et, eros. Proin ultrices. Duis volutpat nunc sit amet metus. Aliquam erat volutpat. Nulla', DEFAULT, 1);
INSERT INTO `Teckmeb`.`Answer` (`idAnswer`, `idQuestion`, `content`, `answerDate`, `teacher`) VALUES (62, 9, 'et magnis dis parturient montes, nascetur ridiculus mus. Proin vel arcu eu odio tristique pharetra. Quisque ac', DEFAULT, 0);
INSERT INTO `Teckmeb`.`Answer` (`idAnswer`, `idQuestion`, `content`, `answerDate`, `teacher`) VALUES (63, 15, 'nec ante. Maecenas mi felis, adipiscing fringilla, porttitor vulputate, posuere vulputate,', DEFAULT, 0);
INSERT INTO `Teckmeb`.`Answer` (`idAnswer`, `idQuestion`, `content`, `answerDate`, `teacher`) VALUES (64, 11, 'Donec egestas. Duis ac arcu. Nunc mauris. Morbi non sapien molestie orci tincidunt adipiscing. Mauris molestie pharetra nibh. Aliquam ornare, libero at auctor', DEFAULT, 1);
INSERT INTO `Teckmeb`.`Answer` (`idAnswer`, `idQuestion`, `content`, `answerDate`, `teacher`) VALUES (65, 50, 'eleifend, nunc risus varius orci, in consequat enim diam vel arcu. Curabitur ut odio vel est tempor bibendum. Donec felis orci,', DEFAULT, 1);
INSERT INTO `Teckmeb`.`Answer` (`idAnswer`, `idQuestion`, `content`, `answerDate`, `teacher`) VALUES (66, 28, 'massa lobortis ultrices. Vivamus rhoncus. Donec est. Nunc ullamcorper, velit in aliquet lobortis, nisi nibh lacinia orci, consectetuer euismod est arcu', DEFAULT, 1);
INSERT INTO `Teckmeb`.`Answer` (`idAnswer`, `idQuestion`, `content`, `answerDate`, `teacher`) VALUES (67, 39, 'nisi. Mauris nulla. Integer urna. Vivamus molestie dapibus ligula. Aliquam erat volutpat. Nulla dignissim. Maecenas ornare', DEFAULT, 0);
INSERT INTO `Teckmeb`.`Answer` (`idAnswer`, `idQuestion`, `content`, `answerDate`, `teacher`) VALUES (68, 26, 'nibh. Aliquam ornare, libero at auctor ullamcorper, nisl arcu iaculis enim, sit amet ornare lectus justo eu arcu. Morbi sit amet massa. Quisque porttitor', DEFAULT, 0);
INSERT INTO `Teckmeb`.`Answer` (`idAnswer`, `idQuestion`, `content`, `answerDate`, `teacher`) VALUES (69, 33, 'imperdiet, erat nonummy ultricies ornare, elit elit fermentum risus, at', DEFAULT, 1);
INSERT INTO `Teckmeb`.`Answer` (`idAnswer`, `idQuestion`, `content`, `answerDate`, `teacher`) VALUES (70, 42, 'Integer in magna. Phasellus dolor elit, pellentesque a, facilisis non, bibendum sed, est. Nunc laoreet lectus quis massa. Mauris', DEFAULT, 0);
INSERT INTO `Teckmeb`.`Answer` (`idAnswer`, `idQuestion`, `content`, `answerDate`, `teacher`) VALUES (71, 1, 'fringilla purus mauris a nunc. In at pede. Cras vulputate velit eu sem. Pellentesque ut ipsum ac mi eleifend egestas. Sed pharetra,', DEFAULT, 0);
INSERT INTO `Teckmeb`.`Answer` (`idAnswer`, `idQuestion`, `content`, `answerDate`, `teacher`) VALUES (72, 12, 'mi tempor lorem, eget mollis lectus pede et risus. Quisque libero lacus, varius', DEFAULT, 0);
INSERT INTO `Teckmeb`.`Answer` (`idAnswer`, `idQuestion`, `content`, `answerDate`, `teacher`) VALUES (73, 50, 'mauris erat eget ipsum. Suspendisse sagittis. Nullam vitae diam. Proin dolor. Nulla semper tellus id nunc', DEFAULT, 0);
INSERT INTO `Teckmeb`.`Answer` (`idAnswer`, `idQuestion`, `content`, `answerDate`, `teacher`) VALUES (74, 2, 'cubilia Curae; Phasellus ornare. Fusce mollis. Duis sit amet diam eu dolor egestas rhoncus. Proin nisl sem, consequat', DEFAULT, 1);
INSERT INTO `Teckmeb`.`Answer` (`idAnswer`, `idQuestion`, `content`, `answerDate`, `teacher`) VALUES (75, 9, 'sem ut cursus luctus, ipsum leo elementum sem, vitae aliquam eros turpis non enim. Mauris quis turpis vitae purus gravida sagittis. Duis gravida.', DEFAULT, 0);
INSERT INTO `Teckmeb`.`Answer` (`idAnswer`, `idQuestion`, `content`, `answerDate`, `teacher`) VALUES (76, 48, 'tincidunt pede ac urna. Ut tincidunt vehicula risus. Nulla eget metus eu erat', DEFAULT, 0);
INSERT INTO `Teckmeb`.`Answer` (`idAnswer`, `idQuestion`, `content`, `answerDate`, `teacher`) VALUES (77, 41, 'nibh. Phasellus nulla. Integer vulputate, risus a ultricies adipiscing, enim mi tempor lorem, eget mollis lectus pede et risus. Quisque libero lacus, varius et, euismod et, commodo', DEFAULT, 0);
INSERT INTO `Teckmeb`.`Answer` (`idAnswer`, `idQuestion`, `content`, `answerDate`, `teacher`) VALUES (78, 4, 'lorem vitae odio sagittis semper. Nam tempor diam dictum sapien. Aenean massa. Integer vitae nibh. Donec est mauris, rhoncus id, mollis nec, cursus', DEFAULT, 0);
INSERT INTO `Teckmeb`.`Answer` (`idAnswer`, `idQuestion`, `content`, `answerDate`, `teacher`) VALUES (79, 30, 'Proin nisl sem, consequat nec, mollis vitae, posuere at, velit. Cras lorem lorem, luctus ut, pellentesque eget, dictum', DEFAULT, 1);
INSERT INTO `Teckmeb`.`Answer` (`idAnswer`, `idQuestion`, `content`, `answerDate`, `teacher`) VALUES (80, 37, 'massa rutrum magna. Cras convallis convallis dolor. Quisque tincidunt pede ac urna. Ut', DEFAULT, 0);
INSERT INTO `Teckmeb`.`Answer` (`idAnswer`, `idQuestion`, `content`, `answerDate`, `teacher`) VALUES (81, 14, 'sociosqu ad litora torquent per conubia nostra, per inceptos hymenaeos. Mauris ut quam vel sapien imperdiet ornare. In faucibus. Morbi vehicula. Pellentesque tincidunt tempus risus. Donec egestas.', DEFAULT, 1);
INSERT INTO `Teckmeb`.`Answer` (`idAnswer`, `idQuestion`, `content`, `answerDate`, `teacher`) VALUES (82, 23, 'sodales. Mauris blandit enim consequat purus. Maecenas libero est, congue a, aliquet vel, vulputate eu, odio. Phasellus at augue id ante', DEFAULT, 1);
INSERT INTO `Teckmeb`.`Answer` (`idAnswer`, `idQuestion`, `content`, `answerDate`, `teacher`) VALUES (83, 26, 'eu, accumsan sed, facilisis vitae, orci. Phasellus dapibus quam quis diam. Pellentesque habitant morbi tristique senectus et netus et malesuada fames ac', DEFAULT, 0);
INSERT INTO `Teckmeb`.`Answer` (`idAnswer`, `idQuestion`, `content`, `answerDate`, `teacher`) VALUES (84, 43, 'Curabitur egestas nunc sed libero. Proin sed turpis nec mauris blandit mattis. Cras eget nisi dictum augue malesuada malesuada. Integer id magna et ipsum cursus vestibulum.', DEFAULT, 1);
INSERT INTO `Teckmeb`.`Answer` (`idAnswer`, `idQuestion`, `content`, `answerDate`, `teacher`) VALUES (85, 31, 'Nunc quis arcu vel quam dignissim pharetra. Nam ac nulla. In', DEFAULT, 0);
INSERT INTO `Teckmeb`.`Answer` (`idAnswer`, `idQuestion`, `content`, `answerDate`, `teacher`) VALUES (86, 42, 'luctus felis purus ac tellus. Suspendisse sed dolor. Fusce mi lorem, vehicula et, rutrum eu, ultrices sit amet,', DEFAULT, 1);
INSERT INTO `Teckmeb`.`Answer` (`idAnswer`, `idQuestion`, `content`, `answerDate`, `teacher`) VALUES (87, 4, 'magna. Duis dignissim tempor arcu. Vestibulum ut eros non enim commodo hendrerit. Donec porttitor', DEFAULT, 0);
INSERT INTO `Teckmeb`.`Answer` (`idAnswer`, `idQuestion`, `content`, `answerDate`, `teacher`) VALUES (88, 28, 'Curabitur massa. Vestibulum accumsan neque et nunc. Quisque ornare tortor at risus. Nunc ac sem ut dolor dapibus gravida. Aliquam tincidunt, nunc ac mattis ornare, lectus ante', DEFAULT, 0);
INSERT INTO `Teckmeb`.`Answer` (`idAnswer`, `idQuestion`, `content`, `answerDate`, `teacher`) VALUES (89, 9, 'Mauris vel turpis. Aliquam adipiscing lobortis risus. In mi pede, nonummy ut, molestie in, tempus eu, ligula. Aenean euismod mauris eu', DEFAULT, 0);
INSERT INTO `Teckmeb`.`Answer` (`idAnswer`, `idQuestion`, `content`, `answerDate`, `teacher`) VALUES (90, 43, 'a ultricies adipiscing, enim mi tempor lorem, eget mollis lectus pede et', DEFAULT, 0);
INSERT INTO `Teckmeb`.`Answer` (`idAnswer`, `idQuestion`, `content`, `answerDate`, `teacher`) VALUES (91, 23, 'eget varius ultrices, mauris ipsum porta elit, a feugiat tellus lorem eu metus. In lorem. Donec elementum, lorem ut aliquam iaculis, lacus pede sagittis augue, eu tempor erat', DEFAULT, 1);
INSERT INTO `Teckmeb`.`Answer` (`idAnswer`, `idQuestion`, `content`, `answerDate`, `teacher`) VALUES (92, 48, 'accumsan laoreet ipsum. Curabitur consequat, lectus sit amet luctus vulputate, nisi sem semper erat, in consectetuer', DEFAULT, 0);
INSERT INTO `Teckmeb`.`Answer` (`idAnswer`, `idQuestion`, `content`, `answerDate`, `teacher`) VALUES (93, 3, 'Nam nulla magna, malesuada vel, convallis in, cursus et, eros. Proin ultrices.', DEFAULT, 1);
INSERT INTO `Teckmeb`.`Answer` (`idAnswer`, `idQuestion`, `content`, `answerDate`, `teacher`) VALUES (94, 15, 'quis lectus. Nullam suscipit, est ac facilisis facilisis, magna tellus faucibus leo, in lobortis tellus justo sit amet nulla. Donec non justo. Proin non massa non ante bibendum ullamcorper. Duis', DEFAULT, 0);
INSERT INTO `Teckmeb`.`Answer` (`idAnswer`, `idQuestion`, `content`, `answerDate`, `teacher`) VALUES (95, 45, 'Duis sit amet diam eu dolor egestas rhoncus. Proin nisl sem, consequat nec, mollis vitae, posuere at, velit. Cras lorem lorem, luctus ut, pellentesque eget, dictum placerat,', DEFAULT, 0);
INSERT INTO `Teckmeb`.`Answer` (`idAnswer`, `idQuestion`, `content`, `answerDate`, `teacher`) VALUES (96, 38, 'lectus. Nullam suscipit, est ac facilisis facilisis, magna tellus faucibus leo, in lobortis', DEFAULT, 0);
INSERT INTO `Teckmeb`.`Answer` (`idAnswer`, `idQuestion`, `content`, `answerDate`, `teacher`) VALUES (97, 22, 'sit amet orci. Ut sagittis lobortis mauris. Suspendisse aliquet molestie tellus. Aenean egestas hendrerit neque. In ornare sagittis felis. Donec tempor, est ac mattis', DEFAULT, 1);
INSERT INTO `Teckmeb`.`Answer` (`idAnswer`, `idQuestion`, `content`, `answerDate`, `teacher`) VALUES (98, 43, 'Morbi accumsan laoreet ipsum. Curabitur consequat, lectus sit amet luctus vulputate, nisi sem semper erat, in consectetuer ipsum nunc id enim. Curabitur massa. Vestibulum accumsan neque et', DEFAULT, 0);
INSERT INTO `Teckmeb`.`Answer` (`idAnswer`, `idQuestion`, `content`, `answerDate`, `teacher`) VALUES (99, 13, 'iaculis nec, eleifend non, dapibus rutrum, justo. Praesent luctus. Curabitur egestas nunc sed libero. Proin sed turpis nec mauris blandit mattis. Cras eget nisi dictum augue malesuada malesuada. Integer', DEFAULT, 1);
INSERT INTO `Teckmeb`.`Answer` (`idAnswer`, `idQuestion`, `content`, `answerDate`, `teacher`) VALUES (100, 27, 'lorem. Donec elementum, lorem ut aliquam iaculis, lacus pede sagittis augue, eu tempor erat neque non quam. Pellentesque habitant morbi tristique senectus et netus et malesuada', DEFAULT, 0);
INSERT INTO `Teckmeb`.`Answer` (`idAnswer`, `idQuestion`, `content`, `answerDate`, `teacher`) VALUES (101, 37, 'ullamcorper, nisl arcu iaculis enim, sit amet ornare lectus justo eu arcu.', DEFAULT, 0);
INSERT INTO `Teckmeb`.`Answer` (`idAnswer`, `idQuestion`, `content`, `answerDate`, `teacher`) VALUES (102, 22, 'In tincidunt congue turpis. In condimentum. Donec at arcu. Vestibulum ante ipsum primis in faucibus orci luctus et ultrices posuere cubilia Curae;', DEFAULT, 1);
INSERT INTO `Teckmeb`.`Answer` (`idAnswer`, `idQuestion`, `content`, `answerDate`, `teacher`) VALUES (103, 38, 'Donec vitae erat vel pede blandit congue. In scelerisque scelerisque dui. Suspendisse ac metus vitae velit egestas lacinia. Sed congue, elit sed consequat auctor, nunc nulla vulputate', DEFAULT, 1);
INSERT INTO `Teckmeb`.`Answer` (`idAnswer`, `idQuestion`, `content`, `answerDate`, `teacher`) VALUES (104, 2, 'adipiscing. Mauris molestie pharetra nibh. Aliquam ornare, libero at auctor ullamcorper, nisl arcu iaculis enim, sit amet ornare lectus justo eu arcu.', DEFAULT, 1);
INSERT INTO `Teckmeb`.`Answer` (`idAnswer`, `idQuestion`, `content`, `answerDate`, `teacher`) VALUES (105, 12, 'interdum enim non nisi. Aenean eget metus. In nec orci. Donec', DEFAULT, 0);
INSERT INTO `Teckmeb`.`Answer` (`idAnswer`, `idQuestion`, `content`, `answerDate`, `teacher`) VALUES (106, 43, 'malesuada vel, convallis in, cursus et, eros. Proin ultrices. Duis volutpat nunc sit amet metus. Aliquam erat volutpat. Nulla facilisis. Suspendisse commodo tincidunt nibh.', DEFAULT, 0);
INSERT INTO `Teckmeb`.`Answer` (`idAnswer`, `idQuestion`, `content`, `answerDate`, `teacher`) VALUES (107, 48, 'fames ac turpis egestas. Fusce aliquet magna a neque. Nullam ut', DEFAULT, 1);
INSERT INTO `Teckmeb`.`Answer` (`idAnswer`, `idQuestion`, `content`, `answerDate`, `teacher`) VALUES (108, 39, 'adipiscing, enim mi tempor lorem, eget mollis lectus pede et risus. Quisque libero lacus, varius et,', DEFAULT, 1);
INSERT INTO `Teckmeb`.`Answer` (`idAnswer`, `idQuestion`, `content`, `answerDate`, `teacher`) VALUES (109, 27, 'adipiscing fringilla, porttitor vulputate, posuere vulputate, lacus. Cras interdum. Nunc sollicitudin commodo ipsum. Suspendisse non leo. Vivamus', DEFAULT, 1);
INSERT INTO `Teckmeb`.`Answer` (`idAnswer`, `idQuestion`, `content`, `answerDate`, `teacher`) VALUES (110, 15, 'magna. Ut tincidunt orci quis lectus. Nullam suscipit, est ac facilisis facilisis, magna tellus faucibus leo, in lobortis tellus justo sit amet nulla. Donec non justo. Proin non massa non', DEFAULT, 0);
INSERT INTO `Teckmeb`.`Answer` (`idAnswer`, `idQuestion`, `content`, `answerDate`, `teacher`) VALUES (111, 12, 'ante dictum cursus. Nunc mauris elit, dictum eu, eleifend nec, malesuada ut, sem. Nulla interdum. Curabitur dictum. Phasellus in felis. Nulla tempor augue ac ipsum. Phasellus vitae mauris', DEFAULT, 1);
INSERT INTO `Teckmeb`.`Answer` (`idAnswer`, `idQuestion`, `content`, `answerDate`, `teacher`) VALUES (112, 9, 'dui quis accumsan convallis, ante lectus convallis est, vitae sodales nisi magna sed dui. Fusce aliquam, enim nec tempus scelerisque, lorem ipsum sodales', DEFAULT, 1);
INSERT INTO `Teckmeb`.`Answer` (`idAnswer`, `idQuestion`, `content`, `answerDate`, `teacher`) VALUES (113, 9, 'ac mattis velit justo nec ante. Maecenas mi felis, adipiscing fringilla, porttitor vulputate, posuere vulputate, lacus. Cras interdum. Nunc sollicitudin commodo', DEFAULT, 0);
INSERT INTO `Teckmeb`.`Answer` (`idAnswer`, `idQuestion`, `content`, `answerDate`, `teacher`) VALUES (114, 25, 'id, libero. Donec consectetuer mauris id sapien. Cras dolor dolor, tempus non, lacinia at, iaculis quis, pede. Praesent eu', DEFAULT, 1);
INSERT INTO `Teckmeb`.`Answer` (`idAnswer`, `idQuestion`, `content`, `answerDate`, `teacher`) VALUES (115, 28, 'iaculis aliquet diam. Sed diam lorem, auctor quis, tristique ac, eleifend vitae, erat.', DEFAULT, 0);
INSERT INTO `Teckmeb`.`Answer` (`idAnswer`, `idQuestion`, `content`, `answerDate`, `teacher`) VALUES (116, 1, 'nibh enim, gravida sit amet, dapibus id, blandit at, nisi. Cum sociis natoque penatibus et magnis dis parturient montes, nascetur', DEFAULT, 1);
INSERT INTO `Teckmeb`.`Answer` (`idAnswer`, `idQuestion`, `content`, `answerDate`, `teacher`) VALUES (117, 4, 'at, velit. Cras lorem lorem, luctus ut, pellentesque eget, dictum placerat, augue. Sed molestie. Sed id risus quis diam luctus lobortis. Class aptent taciti sociosqu', DEFAULT, 1);
INSERT INTO `Teckmeb`.`Answer` (`idAnswer`, `idQuestion`, `content`, `answerDate`, `teacher`) VALUES (118, 37, 'et magnis dis parturient montes, nascetur ridiculus mus. Proin vel arcu eu odio tristique pharetra. Quisque ac libero nec ligula consectetuer rhoncus. Nullam velit dui, semper et, lacinia', DEFAULT, 1);
INSERT INTO `Teckmeb`.`Answer` (`idAnswer`, `idQuestion`, `content`, `answerDate`, `teacher`) VALUES (119, 4, 'arcu. Vestibulum ut eros non enim commodo hendrerit. Donec porttitor tellus non magna. Nam ligula elit, pretium et, rutrum', DEFAULT, 1);
INSERT INTO `Teckmeb`.`Answer` (`idAnswer`, `idQuestion`, `content`, `answerDate`, `teacher`) VALUES (120, 12, 'elit, pellentesque a, facilisis non, bibendum sed, est. Nunc laoreet lectus quis massa. Mauris vestibulum, neque sed dictum eleifend, nunc risus varius', DEFAULT, 1);
INSERT INTO `Teckmeb`.`Answer` (`idAnswer`, `idQuestion`, `content`, `answerDate`, `teacher`) VALUES (121, 30, 'tristique senectus et netus et malesuada fames ac turpis egestas. Fusce aliquet magna a neque.', DEFAULT, 1);
INSERT INTO `Teckmeb`.`Answer` (`idAnswer`, `idQuestion`, `content`, `answerDate`, `teacher`) VALUES (122, 50, 'vulputate, risus a ultricies adipiscing, enim mi tempor lorem, eget mollis lectus pede et risus. Quisque libero lacus, varius et, euismod et, commodo at,', DEFAULT, 1);
INSERT INTO `Teckmeb`.`Answer` (`idAnswer`, `idQuestion`, `content`, `answerDate`, `teacher`) VALUES (123, 47, 'placerat, orci lacus vestibulum lorem, sit amet ultricies sem magna nec quam. Curabitur vel lectus. Cum sociis natoque', DEFAULT, 0);
INSERT INTO `Teckmeb`.`Answer` (`idAnswer`, `idQuestion`, `content`, `answerDate`, `teacher`) VALUES (124, 4, 'nunc sit amet metus. Aliquam erat volutpat. Nulla facilisis. Suspendisse commodo tincidunt nibh. Phasellus nulla. Integer vulputate,', DEFAULT, 1);
INSERT INTO `Teckmeb`.`Answer` (`idAnswer`, `idQuestion`, `content`, `answerDate`, `teacher`) VALUES (125, 11, 'et ultrices posuere cubilia Curae; Phasellus ornare. Fusce mollis. Duis sit amet diam eu dolor egestas rhoncus. Proin nisl', DEFAULT, 1);
INSERT INTO `Teckmeb`.`Answer` (`idAnswer`, `idQuestion`, `content`, `answerDate`, `teacher`) VALUES (126, 46, 'ac, feugiat non, lobortis quis, pede. Suspendisse dui. Fusce diam nunc,', DEFAULT, 1);
INSERT INTO `Teckmeb`.`Answer` (`idAnswer`, `idQuestion`, `content`, `answerDate`, `teacher`) VALUES (127, 33, 'in consequat enim diam vel arcu. Curabitur ut odio vel est tempor bibendum. Donec felis orci, adipiscing non, luctus sit amet, faucibus ut, nulla. Cras eu tellus eu augue porttitor', DEFAULT, 0);
INSERT INTO `Teckmeb`.`Answer` (`idAnswer`, `idQuestion`, `content`, `answerDate`, `teacher`) VALUES (128, 31, 'parturient montes, nascetur ridiculus mus. Proin vel nisl. Quisque fringilla euismod enim. Etiam gravida', DEFAULT, 1);
INSERT INTO `Teckmeb`.`Answer` (`idAnswer`, `idQuestion`, `content`, `answerDate`, `teacher`) VALUES (129, 4, 'pharetra nibh. Aliquam ornare, libero at auctor ullamcorper, nisl arcu iaculis enim, sit amet ornare lectus justo eu', DEFAULT, 0);
INSERT INTO `Teckmeb`.`Answer` (`idAnswer`, `idQuestion`, `content`, `answerDate`, `teacher`) VALUES (130, 7, 'primis in faucibus orci luctus et ultrices posuere cubilia Curae; Phasellus ornare. Fusce mollis. Duis sit amet diam eu dolor egestas rhoncus. Proin', DEFAULT, 0);
INSERT INTO `Teckmeb`.`Answer` (`idAnswer`, `idQuestion`, `content`, `answerDate`, `teacher`) VALUES (131, 45, 'vitae velit egestas lacinia. Sed congue, elit sed consequat auctor, nunc nulla vulputate dui,', DEFAULT, 0);
INSERT INTO `Teckmeb`.`Answer` (`idAnswer`, `idQuestion`, `content`, `answerDate`, `teacher`) VALUES (132, 8, 'vel est tempor bibendum. Donec felis orci, adipiscing non, luctus sit amet, faucibus ut, nulla. Cras eu tellus eu augue porttitor interdum. Sed', DEFAULT, 0);
INSERT INTO `Teckmeb`.`Answer` (`idAnswer`, `idQuestion`, `content`, `answerDate`, `teacher`) VALUES (133, 28, 'et, commodo at, libero. Morbi accumsan laoreet ipsum. Curabitur consequat, lectus sit amet luctus vulputate, nisi sem semper erat, in consectetuer ipsum nunc id enim. Curabitur massa. Vestibulum', DEFAULT, 0);
INSERT INTO `Teckmeb`.`Answer` (`idAnswer`, `idQuestion`, `content`, `answerDate`, `teacher`) VALUES (134, 8, 'enim. Curabitur massa. Vestibulum accumsan neque et nunc. Quisque ornare tortor at risus. Nunc ac sem ut dolor dapibus gravida. Aliquam tincidunt, nunc ac mattis', DEFAULT, 0);
INSERT INTO `Teckmeb`.`Answer` (`idAnswer`, `idQuestion`, `content`, `answerDate`, `teacher`) VALUES (135, 46, 'quis, tristique ac, eleifend vitae, erat. Vivamus nisi. Mauris nulla. Integer urna. Vivamus', DEFAULT, 1);
INSERT INTO `Teckmeb`.`Answer` (`idAnswer`, `idQuestion`, `content`, `answerDate`, `teacher`) VALUES (136, 1, 'egestas, urna justo faucibus lectus, a sollicitudin orci sem eget massa.', DEFAULT, 1);
INSERT INTO `Teckmeb`.`Answer` (`idAnswer`, `idQuestion`, `content`, `answerDate`, `teacher`) VALUES (137, 45, 'dui quis accumsan convallis, ante lectus convallis est, vitae sodales nisi magna sed dui.', DEFAULT, 0);
INSERT INTO `Teckmeb`.`Answer` (`idAnswer`, `idQuestion`, `content`, `answerDate`, `teacher`) VALUES (138, 24, 'Aenean massa. Integer vitae nibh. Donec est mauris, rhoncus id, mollis nec, cursus a, enim. Suspendisse aliquet, sem ut cursus luctus, ipsum leo', DEFAULT, 1);
INSERT INTO `Teckmeb`.`Answer` (`idAnswer`, `idQuestion`, `content`, `answerDate`, `teacher`) VALUES (139, 24, 'pretium et, rutrum non, hendrerit id, ante. Nunc mauris sapien, cursus in, hendrerit consectetuer, cursus et, magna.', DEFAULT, 1);
INSERT INTO `Teckmeb`.`Answer` (`idAnswer`, `idQuestion`, `content`, `answerDate`, `teacher`) VALUES (140, 1, 'non, egestas a, dui. Cras pellentesque. Sed dictum. Proin eget odio. Aliquam', DEFAULT, 1);
INSERT INTO `Teckmeb`.`Answer` (`idAnswer`, `idQuestion`, `content`, `answerDate`, `teacher`) VALUES (141, 46, 'blandit at, nisi. Cum sociis natoque penatibus et magnis dis parturient montes, nascetur ridiculus mus. Proin vel', DEFAULT, 0);
INSERT INTO `Teckmeb`.`Answer` (`idAnswer`, `idQuestion`, `content`, `answerDate`, `teacher`) VALUES (142, 7, 'massa rutrum magna. Cras convallis convallis dolor. Quisque tincidunt pede ac urna. Ut tincidunt vehicula risus. Nulla eget metus eu erat semper rutrum. Fusce dolor', DEFAULT, 1);
INSERT INTO `Teckmeb`.`Answer` (`idAnswer`, `idQuestion`, `content`, `answerDate`, `teacher`) VALUES (143, 21, 'placerat, orci lacus vestibulum lorem, sit amet ultricies sem magna nec quam. Curabitur vel lectus. Cum sociis natoque penatibus et magnis dis parturient montes, nascetur', DEFAULT, 0);
INSERT INTO `Teckmeb`.`Answer` (`idAnswer`, `idQuestion`, `content`, `answerDate`, `teacher`) VALUES (144, 9, 'non, hendrerit id, ante. Nunc mauris sapien, cursus in, hendrerit consectetuer,', DEFAULT, 1);
INSERT INTO `Teckmeb`.`Answer` (`idAnswer`, `idQuestion`, `content`, `answerDate`, `teacher`) VALUES (145, 40, 'arcu. Vestibulum ut eros non enim commodo hendrerit. Donec porttitor tellus non magna. Nam ligula elit, pretium et, rutrum non, hendrerit id, ante.', DEFAULT, 1);
INSERT INTO `Teckmeb`.`Answer` (`idAnswer`, `idQuestion`, `content`, `answerDate`, `teacher`) VALUES (146, 47, 'pede, malesuada vel, venenatis vel, faucibus id, libero. Donec consectetuer mauris id sapien. Cras dolor dolor, tempus non, lacinia at, iaculis quis, pede. Praesent eu dui. Cum sociis natoque penatibus', DEFAULT, 1);
INSERT INTO `Teckmeb`.`Answer` (`idAnswer`, `idQuestion`, `content`, `answerDate`, `teacher`) VALUES (147, 3, 'mollis. Phasellus libero mauris, aliquam eu, accumsan sed, facilisis vitae, orci. Phasellus dapibus quam quis diam. Pellentesque habitant morbi tristique senectus et netus et malesuada fames ac turpis egestas.', DEFAULT, 1);
INSERT INTO `Teckmeb`.`Answer` (`idAnswer`, `idQuestion`, `content`, `answerDate`, `teacher`) VALUES (148, 19, 'mattis velit justo nec ante. Maecenas mi felis, adipiscing fringilla, porttitor vulputate, posuere vulputate, lacus.', DEFAULT, 0);
INSERT INTO `Teckmeb`.`Answer` (`idAnswer`, `idQuestion`, `content`, `answerDate`, `teacher`) VALUES (149, 30, 'interdum ligula eu enim. Etiam imperdiet dictum magna. Ut tincidunt orci', DEFAULT, 1);
INSERT INTO `Teckmeb`.`Answer` (`idAnswer`, `idQuestion`, `content`, `answerDate`, `teacher`) VALUES (150, 49, 'iaculis odio. Nam interdum enim non nisi. Aenean eget metus. In nec orci. Donec nibh.', DEFAULT, 0);
INSERT INTO `Teckmeb`.`Answer` (`idAnswer`, `idQuestion`, `content`, `answerDate`, `teacher`) VALUES (151, 6, 'suscipit nonummy. Fusce fermentum fermentum arcu. Vestibulum ante ipsum primis in faucibus orci luctus et ultrices posuere cubilia Curae; Phasellus ornare. Fusce', DEFAULT, 0);
INSERT INTO `Teckmeb`.`Answer` (`idAnswer`, `idQuestion`, `content`, `answerDate`, `teacher`) VALUES (152, 21, 'sit amet ultricies sem magna nec quam. Curabitur vel lectus. Cum sociis natoque penatibus et magnis dis parturient montes, nascetur ridiculus', DEFAULT, 1);
INSERT INTO `Teckmeb`.`Answer` (`idAnswer`, `idQuestion`, `content`, `answerDate`, `teacher`) VALUES (153, 21, 'natoque penatibus et magnis dis parturient montes, nascetur ridiculus mus. Aenean eget magna. Suspendisse tristique neque venenatis lacus. Etiam bibendum fermentum metus. Aenean sed pede nec ante', DEFAULT, 1);
INSERT INTO `Teckmeb`.`Answer` (`idAnswer`, `idQuestion`, `content`, `answerDate`, `teacher`) VALUES (154, 7, 'vehicula risus. Nulla eget metus eu erat semper rutrum. Fusce dolor quam, elementum at, egestas a, scelerisque sed, sapien. Nunc', DEFAULT, 1);
INSERT INTO `Teckmeb`.`Answer` (`idAnswer`, `idQuestion`, `content`, `answerDate`, `teacher`) VALUES (155, 14, 'ridiculus mus. Proin vel arcu eu odio tristique pharetra. Quisque ac', DEFAULT, 1);
INSERT INTO `Teckmeb`.`Answer` (`idAnswer`, `idQuestion`, `content`, `answerDate`, `teacher`) VALUES (156, 18, 'Aliquam vulputate ullamcorper magna. Sed eu eros. Nam consequat dolor vitae dolor. Donec fringilla. Donec feugiat metus sit amet ante. Vivamus non lorem vitae odio sagittis semper. Nam tempor diam', DEFAULT, 0);
INSERT INTO `Teckmeb`.`Answer` (`idAnswer`, `idQuestion`, `content`, `answerDate`, `teacher`) VALUES (157, 25, 'egestas. Fusce aliquet magna a neque. Nullam ut nisi a odio semper cursus. Integer', DEFAULT, 0);
INSERT INTO `Teckmeb`.`Answer` (`idAnswer`, `idQuestion`, `content`, `answerDate`, `teacher`) VALUES (158, 16, 'Quisque libero lacus, varius et, euismod et, commodo at, libero. Morbi accumsan laoreet ipsum. Curabitur consequat, lectus sit amet luctus vulputate, nisi sem semper erat, in consectetuer ipsum nunc id', DEFAULT, 0);
INSERT INTO `Teckmeb`.`Answer` (`idAnswer`, `idQuestion`, `content`, `answerDate`, `teacher`) VALUES (159, 36, 'Cras pellentesque. Sed dictum. Proin eget odio. Aliquam vulputate ullamcorper magna. Sed eu eros. Nam consequat dolor vitae dolor. Donec fringilla. Donec feugiat', DEFAULT, 0);
INSERT INTO `Teckmeb`.`Answer` (`idAnswer`, `idQuestion`, `content`, `answerDate`, `teacher`) VALUES (160, 4, 'et, rutrum non, hendrerit id, ante. Nunc mauris sapien, cursus in, hendrerit consectetuer, cursus et, magna.', DEFAULT, 1);
INSERT INTO `Teckmeb`.`Answer` (`idAnswer`, `idQuestion`, `content`, `answerDate`, `teacher`) VALUES (161, 12, 'hendrerit consectetuer, cursus et, magna. Praesent interdum ligula eu enim. Etiam imperdiet dictum magna. Ut tincidunt orci quis lectus. Nullam suscipit, est ac facilisis facilisis, magna tellus', DEFAULT, 1);
INSERT INTO `Teckmeb`.`Answer` (`idAnswer`, `idQuestion`, `content`, `answerDate`, `teacher`) VALUES (162, 28, 'consectetuer mauris id sapien. Cras dolor dolor, tempus non, lacinia at, iaculis quis, pede. Praesent eu dui. Cum sociis natoque penatibus', DEFAULT, 1);
INSERT INTO `Teckmeb`.`Answer` (`idAnswer`, `idQuestion`, `content`, `answerDate`, `teacher`) VALUES (163, 41, 'viverra. Maecenas iaculis aliquet diam. Sed diam lorem, auctor quis, tristique ac, eleifend vitae, erat. Vivamus nisi. Mauris nulla.', DEFAULT, 1);
INSERT INTO `Teckmeb`.`Answer` (`idAnswer`, `idQuestion`, `content`, `answerDate`, `teacher`) VALUES (164, 13, 'egestas. Sed pharetra, felis eget varius ultrices, mauris ipsum porta elit,', DEFAULT, 0);
INSERT INTO `Teckmeb`.`Answer` (`idAnswer`, `idQuestion`, `content`, `answerDate`, `teacher`) VALUES (165, 45, 'nec urna suscipit nonummy. Fusce fermentum fermentum arcu. Vestibulum ante ipsum primis in', DEFAULT, 0);
INSERT INTO `Teckmeb`.`Answer` (`idAnswer`, `idQuestion`, `content`, `answerDate`, `teacher`) VALUES (166, 32, 'nec tempus mauris erat eget ipsum. Suspendisse sagittis. Nullam vitae', DEFAULT, 1);
INSERT INTO `Teckmeb`.`Answer` (`idAnswer`, `idQuestion`, `content`, `answerDate`, `teacher`) VALUES (167, 18, 'et risus. Quisque libero lacus, varius et, euismod et, commodo at, libero. Morbi accumsan laoreet ipsum.', DEFAULT, 0);
INSERT INTO `Teckmeb`.`Answer` (`idAnswer`, `idQuestion`, `content`, `answerDate`, `teacher`) VALUES (168, 33, 'suscipit, est ac facilisis facilisis, magna tellus faucibus leo, in lobortis tellus justo sit amet nulla. Donec non justo. Proin non massa non ante bibendum ullamcorper. Duis cursus, diam', DEFAULT, 0);
INSERT INTO `Teckmeb`.`Answer` (`idAnswer`, `idQuestion`, `content`, `answerDate`, `teacher`) VALUES (169, 24, 'Nunc mauris. Morbi non sapien molestie orci tincidunt adipiscing. Mauris molestie pharetra nibh. Aliquam ornare,', DEFAULT, 1);
INSERT INTO `Teckmeb`.`Answer` (`idAnswer`, `idQuestion`, `content`, `answerDate`, `teacher`) VALUES (170, 44, 'elit pede, malesuada vel, venenatis vel, faucibus id, libero. Donec consectetuer mauris id sapien. Cras dolor dolor, tempus non, lacinia at, iaculis quis,', DEFAULT, 0);
INSERT INTO `Teckmeb`.`Answer` (`idAnswer`, `idQuestion`, `content`, `answerDate`, `teacher`) VALUES (171, 25, 'non enim. Mauris quis turpis vitae purus gravida sagittis. Duis gravida. Praesent eu nulla at sem molestie sodales. Mauris blandit enim consequat purus.', DEFAULT, 1);
INSERT INTO `Teckmeb`.`Answer` (`idAnswer`, `idQuestion`, `content`, `answerDate`, `teacher`) VALUES (172, 25, 'Mauris nulla. Integer urna. Vivamus molestie dapibus ligula. Aliquam erat volutpat. Nulla dignissim. Maecenas ornare egestas ligula. Nullam feugiat placerat velit. Quisque varius. Nam porttitor scelerisque', DEFAULT, 0);
INSERT INTO `Teckmeb`.`Answer` (`idAnswer`, `idQuestion`, `content`, `answerDate`, `teacher`) VALUES (173, 19, 'lorem, eget mollis lectus pede et risus. Quisque libero lacus, varius et, euismod et, commodo at, libero. Morbi accumsan laoreet ipsum. Curabitur consequat, lectus sit amet luctus vulputate,', DEFAULT, 1);
INSERT INTO `Teckmeb`.`Answer` (`idAnswer`, `idQuestion`, `content`, `answerDate`, `teacher`) VALUES (174, 24, 'at, egestas a, scelerisque sed, sapien. Nunc pulvinar arcu et pede. Nunc sed orci lobortis augue scelerisque mollis. Phasellus libero mauris, aliquam eu, accumsan sed,', DEFAULT, 1);
INSERT INTO `Teckmeb`.`Answer` (`idAnswer`, `idQuestion`, `content`, `answerDate`, `teacher`) VALUES (175, 45, 'Morbi vehicula. Pellentesque tincidunt tempus risus. Donec egestas. Duis ac arcu. Nunc mauris. Morbi non', DEFAULT, 0);
INSERT INTO `Teckmeb`.`Answer` (`idAnswer`, `idQuestion`, `content`, `answerDate`, `teacher`) VALUES (176, 12, 'ornare sagittis felis. Donec tempor, est ac mattis semper, dui lectus rutrum', DEFAULT, 1);
INSERT INTO `Teckmeb`.`Answer` (`idAnswer`, `idQuestion`, `content`, `answerDate`, `teacher`) VALUES (177, 30, 'condimentum eget, volutpat ornare, facilisis eget, ipsum. Donec sollicitudin adipiscing ligula. Aenean gravida nunc sed pede. Cum sociis', DEFAULT, 1);
INSERT INTO `Teckmeb`.`Answer` (`idAnswer`, `idQuestion`, `content`, `answerDate`, `teacher`) VALUES (178, 42, 'magna a neque. Nullam ut nisi a odio semper cursus. Integer mollis. Integer tincidunt aliquam arcu. Aliquam ultrices iaculis odio. Nam interdum enim non nisi. Aenean eget metus. In', DEFAULT, 0);
INSERT INTO `Teckmeb`.`Answer` (`idAnswer`, `idQuestion`, `content`, `answerDate`, `teacher`) VALUES (179, 24, 'sapien molestie orci tincidunt adipiscing. Mauris molestie pharetra nibh. Aliquam ornare, libero at auctor ullamcorper, nisl arcu iaculis enim, sit amet ornare lectus justo eu', DEFAULT, 0);
INSERT INTO `Teckmeb`.`Answer` (`idAnswer`, `idQuestion`, `content`, `answerDate`, `teacher`) VALUES (180, 6, 'Nunc mauris. Morbi non sapien molestie orci tincidunt adipiscing. Mauris molestie pharetra nibh. Aliquam ornare, libero at auctor ullamcorper, nisl arcu iaculis enim, sit amet', DEFAULT, 0);
INSERT INTO `Teckmeb`.`Answer` (`idAnswer`, `idQuestion`, `content`, `answerDate`, `teacher`) VALUES (181, 15, 'Cras lorem lorem, luctus ut, pellentesque eget, dictum placerat, augue. Sed molestie. Sed id risus quis diam luctus lobortis. Class aptent taciti sociosqu ad', DEFAULT, 1);
INSERT INTO `Teckmeb`.`Answer` (`idAnswer`, `idQuestion`, `content`, `answerDate`, `teacher`) VALUES (182, 24, 'nibh. Quisque nonummy ipsum non arcu. Vivamus sit amet risus. Donec egestas. Aliquam nec enim. Nunc ut erat. Sed nunc est, mollis', DEFAULT, 1);
INSERT INTO `Teckmeb`.`Answer` (`idAnswer`, `idQuestion`, `content`, `answerDate`, `teacher`) VALUES (183, 11, 'eu tempor erat neque non quam. Pellentesque habitant morbi tristique senectus et netus et malesuada fames ac turpis egestas. Aliquam fringilla cursus purus.', DEFAULT, 0);
INSERT INTO `Teckmeb`.`Answer` (`idAnswer`, `idQuestion`, `content`, `answerDate`, `teacher`) VALUES (184, 40, 'posuere vulputate, lacus. Cras interdum. Nunc sollicitudin commodo ipsum. Suspendisse', DEFAULT, 1);
INSERT INTO `Teckmeb`.`Answer` (`idAnswer`, `idQuestion`, `content`, `answerDate`, `teacher`) VALUES (185, 21, 'consequat purus. Maecenas libero est, congue a, aliquet vel, vulputate eu, odio. Phasellus at augue id ante dictum cursus. Nunc mauris elit, dictum eu, eleifend nec, malesuada ut,', DEFAULT, 0);
INSERT INTO `Teckmeb`.`Answer` (`idAnswer`, `idQuestion`, `content`, `answerDate`, `teacher`) VALUES (186, 42, 'egestas rhoncus. Proin nisl sem, consequat nec, mollis vitae, posuere at,', DEFAULT, 0);
INSERT INTO `Teckmeb`.`Answer` (`idAnswer`, `idQuestion`, `content`, `answerDate`, `teacher`) VALUES (187, 39, 'feugiat non, lobortis quis, pede. Suspendisse dui. Fusce diam nunc, ullamcorper eu, euismod ac, fermentum', DEFAULT, 1);
INSERT INTO `Teckmeb`.`Answer` (`idAnswer`, `idQuestion`, `content`, `answerDate`, `teacher`) VALUES (188, 25, 'arcu. Vivamus sit amet risus. Donec egestas. Aliquam nec enim. Nunc ut erat. Sed nunc est, mollis non, cursus non, egestas a, dui. Cras pellentesque.', DEFAULT, 0);
INSERT INTO `Teckmeb`.`Answer` (`idAnswer`, `idQuestion`, `content`, `answerDate`, `teacher`) VALUES (189, 28, 'nunc ac mattis ornare, lectus ante dictum mi, ac mattis velit justo nec ante. Maecenas mi felis, adipiscing fringilla, porttitor vulputate, posuere', DEFAULT, 1);
INSERT INTO `Teckmeb`.`Answer` (`idAnswer`, `idQuestion`, `content`, `answerDate`, `teacher`) VALUES (190, 26, 'magna. Duis dignissim tempor arcu. Vestibulum ut eros non enim commodo hendrerit. Donec porttitor tellus non magna. Nam ligula elit, pretium et,', DEFAULT, 1);
INSERT INTO `Teckmeb`.`Answer` (`idAnswer`, `idQuestion`, `content`, `answerDate`, `teacher`) VALUES (191, 45, 'justo eu arcu. Morbi sit amet massa. Quisque porttitor eros nec tellus. Nunc lectus pede, ultrices a, auctor non,', DEFAULT, 0);
INSERT INTO `Teckmeb`.`Answer` (`idAnswer`, `idQuestion`, `content`, `answerDate`, `teacher`) VALUES (192, 26, 'Vestibulum accumsan neque et nunc. Quisque ornare tortor at risus. Nunc ac sem ut dolor dapibus gravida. Aliquam tincidunt, nunc ac mattis ornare,', DEFAULT, 1);
INSERT INTO `Teckmeb`.`Answer` (`idAnswer`, `idQuestion`, `content`, `answerDate`, `teacher`) VALUES (193, 46, 'tortor nibh sit amet orci. Ut sagittis lobortis mauris. Suspendisse aliquet molestie tellus. Aenean egestas hendrerit neque. In ornare sagittis', DEFAULT, 1);
INSERT INTO `Teckmeb`.`Answer` (`idAnswer`, `idQuestion`, `content`, `answerDate`, `teacher`) VALUES (194, 47, 'consectetuer ipsum nunc id enim. Curabitur massa. Vestibulum accumsan neque et nunc. Quisque ornare tortor at risus. Nunc ac sem ut dolor dapibus gravida.', DEFAULT, 1);
INSERT INTO `Teckmeb`.`Answer` (`idAnswer`, `idQuestion`, `content`, `answerDate`, `teacher`) VALUES (195, 2, 'arcu. Curabitur ut odio vel est tempor bibendum. Donec felis orci, adipiscing', DEFAULT, 1);
INSERT INTO `Teckmeb`.`Answer` (`idAnswer`, `idQuestion`, `content`, `answerDate`, `teacher`) VALUES (196, 38, 'ornare. Fusce mollis. Duis sit amet diam eu dolor egestas rhoncus. Proin nisl sem, consequat nec, mollis', DEFAULT, 0);
INSERT INTO `Teckmeb`.`Answer` (`idAnswer`, `idQuestion`, `content`, `answerDate`, `teacher`) VALUES (197, 33, 'non sapien molestie orci tincidunt adipiscing. Mauris molestie pharetra nibh. Aliquam ornare, libero at auctor ullamcorper, nisl arcu iaculis enim, sit amet ornare lectus justo', DEFAULT, 0);
INSERT INTO `Teckmeb`.`Answer` (`idAnswer`, `idQuestion`, `content`, `answerDate`, `teacher`) VALUES (198, 4, 'ultrices sit amet, risus. Donec nibh enim, gravida sit amet, dapibus id, blandit at, nisi. Cum sociis natoque penatibus', DEFAULT, 1);
INSERT INTO `Teckmeb`.`Answer` (`idAnswer`, `idQuestion`, `content`, `answerDate`, `teacher`) VALUES (199, 18, 'Integer urna. Vivamus molestie dapibus ligula. Aliquam erat volutpat. Nulla dignissim. Maecenas ornare egestas ligula. Nullam feugiat placerat velit. Quisque varius. Nam porttitor scelerisque neque. Nullam', DEFAULT, 0);
INSERT INTO `Teckmeb`.`Answer` (`idAnswer`, `idQuestion`, `content`, `answerDate`, `teacher`) VALUES (200, 47, 'sagittis augue, eu tempor erat neque non quam. Pellentesque habitant morbi tristique senectus et netus et malesuada fames ac turpis egestas. Aliquam fringilla cursus purus. Nullam scelerisque neque', DEFAULT, 1);

COMMIT;


-- -----------------------------------------------------
-- Data for table `Teckmeb`.`TeachingUnitOfCourse`
-- -----------------------------------------------------
START TRANSACTION;
USE `Teckmeb`;
INSERT INTO `Teckmeb`.`TeachingUnitOfCourse` (`idTeachingUnitOfCourse`, `idCourse`, `idTeachingUnit`) VALUES (1, 1, 1);
INSERT INTO `Teckmeb`.`TeachingUnitOfCourse` (`idTeachingUnitOfCourse`, `idCourse`, `idTeachingUnit`) VALUES (2, 1, 2);
INSERT INTO `Teckmeb`.`TeachingUnitOfCourse` (`idTeachingUnitOfCourse`, `idCourse`, `idTeachingUnit`) VALUES (3, 2, 3);
INSERT INTO `Teckmeb`.`TeachingUnitOfCourse` (`idTeachingUnitOfCourse`, `idCourse`, `idTeachingUnit`) VALUES (4, 2, 4);
INSERT INTO `Teckmeb`.`TeachingUnitOfCourse` (`idTeachingUnitOfCourse`, `idCourse`, `idTeachingUnit`) VALUES (5, 3, 5);
INSERT INTO `Teckmeb`.`TeachingUnitOfCourse` (`idTeachingUnitOfCourse`, `idCourse`, `idTeachingUnit`) VALUES (6, 3, 6);
INSERT INTO `Teckmeb`.`TeachingUnitOfCourse` (`idTeachingUnitOfCourse`, `idCourse`, `idTeachingUnit`) VALUES (7, 3, 7);
INSERT INTO `Teckmeb`.`TeachingUnitOfCourse` (`idTeachingUnitOfCourse`, `idCourse`, `idTeachingUnit`) VALUES (8, 4, 8);
INSERT INTO `Teckmeb`.`TeachingUnitOfCourse` (`idTeachingUnitOfCourse`, `idCourse`, `idTeachingUnit`) VALUES (9, 4, 9);
INSERT INTO `Teckmeb`.`TeachingUnitOfCourse` (`idTeachingUnitOfCourse`, `idCourse`, `idTeachingUnit`) VALUES (10, 4, 10);

COMMIT;

